matchId,team,ptype,batStyle,bowStyle
ODI no. 2633,Pakistan,NA,Right-hand bat,Legbreak
ODI no. 2633,Pakistan,NA,Right-hand bat,Right-arm medium
ODI no. 2633,Pakistan,Wicketkeeper batsman,Right-hand bat,NA
ODI no. 2633,Pakistan,Middle-order batsman,Right-hand bat,Legbreak
ODI no. 2633,Pakistan,Allrounder,Right-hand bat,Right-arm offbreak
ODI no. 2633,Pakistan,Allrounder,Right-hand bat,Legbreak googly
ODI no. 2633,Pakistan,Middle-order batsman,Right-hand bat,Right-arm offbreak
ODI no. 2633,Pakistan,Bowler,Left-hand bat,Left-arm medium-fast
ODI no. 2633,Pakistan,Bowler,Right-hand bat,Right-arm fast-medium
ODI no. 2633,Pakistan,NA,Right-hand bat,Right-arm offbreak
ODI no. 2633,Pakistan,Middle-order batsman,Right-hand bat,"Right-arm medium, Legbreak"
ODI no. 2633,South Africa,Wicketkeeper batsman,Right-hand bat,Right-arm medium
ODI no. 2633,South Africa,Allrounder,Right-hand bat,Right-arm offbreak
ODI no. 2633,South Africa,Wicketkeeper batsman,Right-hand bat,Right-arm medium
ODI no. 2633,South Africa,NA,Right-hand bat,Right-arm bowler
ODI no. 2633,South Africa,Allrounder,Right-hand bat,Right-arm fast-medium
ODI no. 2633,South Africa,NA,Right-hand bat,Right-arm fast-medium
ODI no. 2633,South Africa,Bowler,Right-hand bat,Right-arm fast-medium
ODI no. 2633,South Africa,Bowling allrounder,Left-hand bat,Right-arm medium-fast
ODI no. 2633,South Africa,NA,Right-hand bat,Right-arm fast
ODI no. 2633,South Africa,Allrounder,Right-hand bat,Right-arm fast-medium
ODI no. 2633,South Africa,Opening batsman,Left-hand bat,Right-arm offbreak
ODI no. 2638,Bermuda,Opening batsman,Left-hand bat,Right-arm medium
ODI no. 2638,Bermuda,Allrounder,Right-hand bat,Right-arm medium
ODI no. 2638,Bermuda,NA,Right-hand bat,Right-arm fast
ODI no. 2638,Bermuda,Allrounder,Right-hand bat,Right-arm medium
ODI no. 2638,Bermuda,Batsman,Left-hand bat,Right-arm offbreak
ODI no. 2638,Bermuda,Batsman,Right-hand bat,Right-arm offbreak
ODI no. 2638,Bermuda,Bowler,Right-hand bat,Slow left-arm orthodox
ODI no. 2638,Bermuda,Batsman,Right-hand bat,NA
ODI no. 2638,Kenya,Bowler,Right-hand bat,Right-arm offbreak
ODI no. 2638,Kenya,NA,Right-hand bat,Right-arm medium-fast
ODI no. 2638,Kenya,NA,Right-hand bat,Right-arm medium
ODI no. 2638,Kenya,Allrounder,Right-hand bat,Right-arm offbreak
ODI no. 2638,Kenya,Wicketkeeper batsman,Right-hand bat,Right-arm offbreak
ODI no. 2638,Kenya,Allrounder,Right-hand bat,Legbreak
ODI no. 2638,Kenya,Top-order batsman,Right-hand bat,NA
ODI no. 2638,Kenya,Bowler,Right-hand bat,Right-arm fast-medium
ODI no. 2638,Bermuda,Batsman,Right-hand bat,Right-arm slow-medium
ODI no. 2638,Kenya,Bowler,Right-hand bat,Right-arm medium-fast
ODI no. 2638,Kenya,Bowler,Right-hand bat,Slow left-arm orthodox
ODI no. 2638,Bermuda,Allrounder,Right-hand bat,Right-arm medium-fast
ODI no. 2638,Bermuda,Bowler,Right-hand bat,Right-arm offbreak
ODI no. 2638,Kenya,Opening batsman,Right-hand bat,Right-arm medium-fast
ODI no. 2674,England,Bowler,Left-hand bat,Right-arm fast-medium
ODI no. 2674,England,Top-order batsman,Right-hand bat,Right-arm medium
ODI no. 2674,England,Middle-order batsman,Right-hand bat,Right-arm medium
ODI no. 2674,England,Bowler,Left-hand bat,Right-arm fast-medium
ODI no. 2674,England,Allrounder,Right-hand bat,Right-arm medium
ODI no. 2674,England,Opening batsman,Left-hand bat,Right-arm slow
ODI no. 2674,England,Wicketkeeper batsman,Left-hand bat,Legbreak
ODI no. 2674,England,Top-order batsman,Right-hand bat,Right-arm offbreak
ODI no. 2674,England,Batsman,Right-hand bat,Right-arm offbreak
ODI no. 2674,England,NA,Left-hand bat,Left-arm fast-medium
ODI no. 2674,England,Bowler,Right-hand bat,Right-arm offbreak
ODI no. 2674,New Zealand,NA,Right-hand bat,Right-arm medium
ODI no. 2674,New Zealand,Top-order batsman,Right-hand bat,"Right-arm medium, Right-arm offbreak"
ODI no. 2674,New Zealand,Bowler,Right-hand bat,Right-arm fast-medium
ODI no. 2674,New Zealand,Wicketkeeper batsman,Right-hand bat,"Right-arm medium, Right-arm offbreak"
ODI no. 2674,New Zealand,Bowler,Right-hand bat,Right-arm fast-medium
ODI no. 2674,New Zealand,Allrounder,Left-hand bat,Right-arm fast-medium
ODI no. 2674,New Zealand,NA,Right-hand bat,Right-arm offbreak
ODI no. 2674,New Zealand,Allrounder,Left-hand bat,Right-arm medium
ODI no. 2674,New Zealand,Allrounder,Right-hand bat,Right-arm medium
ODI no. 2674,New Zealand,Middle-order batsman,Right-hand bat,Right-arm offbreak
ODI no. 2674,New Zealand,Allrounder,Left-hand bat,Slow left-arm orthodox
ODI no. 2690,South Africa,Top-order batsman,Right-hand bat,"Right-arm medium, Right-arm offbreak"
ODI no. 2690,South Africa,Allrounder,Right-hand bat,Right-arm offbreak
ODI no. 2690,South Africa,Batting allrounder,Left-hand bat,Right-arm offbreak
ODI no. 2690,South Africa,Wicketkeeper batsman,Right-hand bat,Right-arm medium
ODI no. 2690,South Africa,NA,Right-hand bat,Right-arm bowler
ODI no. 2690,South Africa,Bowler,Right-hand bat,Slow left-arm orthodox
ODI no. 2690,South Africa,Bowler,Right-hand bat,Right-arm fast-medium
ODI no. 2690,South Africa,Bowling allrounder,Left-hand bat,Right-arm medium-fast
ODI no. 2690,South Africa,NA,Right-hand bat,Right-arm fast-medium
ODI no. 2690,South Africa,Batsman,Right-hand bat,Right-arm offbreak
ODI no. 2690,South Africa,Opening batsman,Left-hand bat,Right-arm offbreak
ODI no. 2690,Bangladesh,Top-order batsman,Left-hand bat,Right-arm offbreak
ODI no. 2690,Bangladesh,Middle-order batsman,Right-hand bat,"Right-arm offbreak, Legbreak"
ODI no. 2690,Bangladesh,Allrounder,Left-hand bat,Slow left-arm orthodox
ODI no. 2690,Bangladesh,Batsman,Right-hand bat,Legbreak
ODI no. 2690,Bangladesh,Allrounder,Left-hand bat,Slow left-arm orthodox
ODI no. 2690,Bangladesh,Bowler,Right-hand bat,Right-arm medium-fast
ODI no. 2690,Bangladesh,Top-order batsman,Left-hand bat,NA
ODI no. 2690,Bangladesh,NA,Left-hand bat,Left-arm medium-fast
ODI no. 2690,Bangladesh,Opening batsman,Left-hand bat,NA
ODI no. 2690,Bangladesh,Wicketkeeper batsman,Right-hand bat,NA
ODI no. 2690,Bangladesh,Bowler,Left-hand bat,Slow left-arm orthodox
ODI no. 2693,Ireland,Bowler,Right-hand bat,Right-arm fast-medium
ODI no. 2693,Ireland,NA,Right-hand bat,Right-arm offbreak
ODI no. 2693,Ireland,Wicketkeeper batsman,Left-hand bat,NA
ODI no. 2693,Ireland,Middle-order batsman,Left-hand bat,Right-arm medium
ODI no. 2693,Ireland,Allrounder,Right-hand bat,Right-arm medium-fast
ODI no. 2693,Ireland,Opening batsman,Left-hand bat,Right-arm offbreak
ODI no. 2693,Ireland,Bowler,Right-hand bat,Legbreak
ODI no. 2693,Ireland,Allrounder,Left-hand bat,Right-arm medium
ODI no. 2693,Bangladesh,Allrounder,Right-hand bat,Right-arm fast-medium
ODI no. 2693,Bangladesh,Middle-order batsman,Right-hand bat,"Right-arm offbreak, Legbreak"
ODI no. 2693,Bangladesh,Bowler,Right-hand bat,Right-arm fast-medium
ODI no. 2693,Bangladesh,Allrounder,Right-hand bat,Right-arm offbreak
ODI no. 2693,Bangladesh,Batsman,Right-hand bat,Legbreak
ODI no. 2693,Bangladesh,Allrounder,Left-hand bat,Slow left-arm orthodox
ODI no. 2693,Bangladesh,Top-order batsman,Left-hand bat,NA
ODI no. 2693,Bangladesh,Opening batsman,Left-hand bat,NA
ODI no. 2693,Bangladesh,Wicketkeeper batsman,Right-hand bat,NA
ODI no. 2693,Bangladesh,NA,Right-hand bat,Right-arm medium
ODI no. 2693,Bangladesh,Bowler,Left-hand bat,Slow left-arm orthodox
ODI no. 2693,Ireland,NA,Right-hand bat,Right-arm fast-medium
ODI no. 2693,Ireland,Bowler,Right-hand bat,Right-arm medium-fast
ODI no. 2693,Ireland,Batsman,Left-hand bat,Left-arm medium-fast
ODI no. 2696,Pakistan,NA,Right-hand bat,Right-arm medium
ODI no. 2696,Pakistan,Wicketkeeper batsman,Right-hand bat,NA
ODI no. 2696,Pakistan,Middle-order batsman,Right-hand bat,Legbreak
ODI no. 2696,Pakistan,Opening batsman,Left-hand bat,NA
ODI no. 2696,Pakistan,Allrounder,Right-hand bat,Legbreak googly
ODI no. 2696,Pakistan,Middle-order batsman,Right-hand bat,Right-arm offbreak
ODI no. 2696,Pakistan,Batsman,Left-hand bat,Right-arm offbreak
ODI no. 2696,Pakistan,Bowler,Left-hand bat,Left-arm medium-fast
ODI no. 2696,Pakistan,Bowler,Right-hand bat,Right-arm fast-medium
ODI no. 2696,Pakistan,NA,Right-hand bat,Right-arm offbreak
ODI no. 2696,Pakistan,Middle-order batsman,Right-hand bat,"Right-arm medium, Legbreak"
ODI no. 2696,Bangladesh,Allrounder,Right-hand bat,Right-arm fast-medium
ODI no. 2696,Bangladesh,Middle-order batsman,Right-hand bat,"Right-arm offbreak, Legbreak"
ODI no. 2696,Bangladesh,Bowler,Right-hand bat,Right-arm fast-medium
ODI no. 2696,Bangladesh,Allrounder,Right-hand bat,Right-arm offbreak
ODI no. 2696,Bangladesh,Batsman,Right-hand bat,Legbreak
ODI no. 2696,Bangladesh,Allrounder,Left-hand bat,Slow left-arm orthodox
ODI no. 2696,Bangladesh,Top-order batsman,Left-hand bat,NA
ODI no. 2696,Bangladesh,Opening batsman,Left-hand bat,NA
ODI no. 2696,Bangladesh,Wicketkeeper batsman,Right-hand bat,NA
ODI no. 2696,Bangladesh,NA,Right-hand bat,Right-arm medium
ODI no. 2696,Bangladesh,Bowler,Left-hand bat,Slow left-arm orthodox
ODI no. 2697,Sri Lanka,Bowler,Right-hand bat,Right-arm fast-medium
ODI no. 2697,Sri Lanka,Allrounder,Right-hand bat,Right-arm offbreak
ODI no. 2697,Sri Lanka,Batsman,Right-hand bat,Right-arm medium
ODI no. 2697,Sri Lanka,Bowler,Right-hand bat,Right-arm fast-medium
ODI no. 2697,Sri Lanka,Batsman,Right-hand bat,Legbreak
ODI no. 2697,Sri Lanka,Wicketkeeper batsman,Left-hand bat,Right-arm offbreak
ODI no. 2697,Sri Lanka,Batsman,Left-hand bat,NA
ODI no. 2697,Sri Lanka,Batsman,Left-hand bat,Right-arm offbreak
ODI no. 2697,Sri Lanka,NA,Left-hand bat,Left-arm fast-medium
ODI no. 2697,West Indies,Bowler,Left-hand bat,Slow left-arm orthodox
ODI no. 2697,West Indies,Batsman,Right-hand bat,NA
ODI no. 2697,West Indies,Allrounder,Right-hand bat,Right-arm medium-fast
ODI no. 2697,West Indies,Batsman,Left-hand bat,Legbreak
ODI no. 2697,West Indies,Bowler,Right-hand bat,Right-arm fast
ODI no. 2697,West Indies,Allrounder,Left-hand bat,Right-arm offbreak
ODI no. 2697,West Indies,NA,Left-hand bat,Right-arm offbreak
ODI no. 2697,West Indies,Batsman,Right-hand bat,Legbreak
ODI no. 2697,West Indies,Top-order batsman,Right-hand bat,Right-arm offbreak
ODI no. 2697,West Indies,Allrounder,Right-hand bat,Right-arm medium-fast
ODI no. 2697,West Indies,Bowler,Right-hand bat,Right-arm fast
ODI no. 2697,Sri Lanka,Middle-order batsman,Right-hand bat,Right-arm medium
ODI no. 2697,Sri Lanka,Bowler,Right-hand bat,Right-arm offbreak
ODI no. 2908,Kenya,Bowler,Right-hand bat,Right-arm offbreak
ODI no. 2908,Kenya,NA,Right-hand bat,Right-arm medium
ODI no. 2908,Kenya,Allrounder,Right-hand bat,Right-arm offbreak
ODI no. 2908,Kenya,Wicketkeeper batsman,Right-hand bat,Right-arm offbreak
ODI no. 2908,Kenya,Allrounder,Right-hand bat,Legbreak
ODI no. 2908,Kenya,Top-order batsman,Right-hand bat,NA
ODI no. 2908,Kenya,Bowler,Right-hand bat,Right-arm fast-medium
ODI no. 2908,Zimbabwe,Top-order batsman,Right-hand bat,Legbreak
ODI no. 2908,Zimbabwe,Allrounder,Right-hand bat,Right-arm fast-medium
ODI no. 2908,Zimbabwe,Bowler,Right-hand bat,Legbreak googly
ODI no. 2908,Zimbabwe,Top-order batsman,Right-hand bat,Right-arm medium
ODI no. 2908,Zimbabwe,NA,Right-hand bat,Right-arm offbreak
ODI no. 2908,Zimbabwe,Bowler,Right-hand bat,Slow left-arm orthodox
ODI no. 2908,Zimbabwe,Wicketkeeper batsman,Right-hand bat,Right-arm offbreak
ODI no. 2908,Zimbabwe,Bowler,Right-hand bat,Right-arm offbreak
ODI no. 2908,Zimbabwe,NA,Right-hand bat,Right-arm offbreak
ODI no. 2908,Zimbabwe,Middle-order batsman,Left-hand bat,Slow left-arm orthodox
ODI no. 2908,Kenya,Bowler,Right-hand bat,Right-arm medium-fast
ODI no. 2908,Kenya,Wicketkeeper batsman,Right-hand bat,Right-arm offbreak
ODI no. 2908,Kenya,Opening batsman,Right-hand bat,Right-arm medium-fast
ODI no. 2908,Kenya,Bowler,Right-hand bat,Right-arm medium-fast
ODI no. 2908,Zimbabwe,Bowler,Right-hand bat,Right-arm fast-medium
ODI no. 2913,Australia,Bowler,Right-hand bat,Right-arm offbreak
ODI no. 2913,Australia,Allrounder,Right-hand bat,Right-arm medium
ODI no. 2913,Australia,Middle-order batsman,Left-hand bat,Right-arm medium
ODI no. 2913,Australia,Bowler,Left-hand bat,Left-arm fast
ODI no. 2913,Australia,Bowler,Right-hand bat,Right-arm fast
ODI no. 2913,Australia,Top-order batsman,Right-hand bat,Right-arm medium
ODI no. 2913,Australia,Wicketkeeper batsman,Right-hand bat,Right-arm medium
ODI no. 2913,Australia,Bowler,Right-hand bat,Right-arm fast-medium
ODI no. 2913,Australia,Top-order batsman,Right-hand bat,Slow left-arm orthodox
ODI no. 2913,Australia,Allrounder,Right-hand bat,Right-arm fast-medium
ODI no. 2913,Australia,Middle-order batsman,Right-hand bat,Legbreak googly
ODI no. 2913,India,Wicketkeeper batsman,Right-hand bat,Right-arm medium
ODI no. 2913,India,Top-order batsman,Left-hand bat,Legbreak
ODI no. 2913,India,Bowler,Right-hand bat,Right-arm offbreak
ODI no. 2913,India,Bowler,Right-hand bat,Right-arm medium
ODI no. 2913,India,Bowler,Right-hand bat,Left-arm medium-fast
ODI no. 2913,India,Middle-order batsman,Left-hand bat,Right-arm offbreak
ODI no. 2913,India,Top-order batsman,Right-hand bat,Right-arm offbreak
ODI no. 2913,India,Top-order batsman,Right-hand bat,"Right-arm offbreak, Legbreak googly"
ODI no. 2913,India,Allrounder,Left-hand bat,Slow left-arm orthodox
ODI no. 2913,India,Bowler,Right-hand bat,Right-arm fast-medium
ODI no. 2913,India,Top-order batsman,Right-hand bat,Right-arm medium
ODI no. 2914,Zimbabwe,Top-order batsman,Right-hand bat,Legbreak
ODI no. 2914,Zimbabwe,Allrounder,Right-hand bat,Right-arm fast-medium
ODI no. 2914,Zimbabwe,Bowler,Right-hand bat,Legbreak googly
ODI no. 2914,Zimbabwe,Top-order batsman,Right-hand bat,Right-arm medium
ODI no. 2914,Zimbabwe,Top-order batsman,Right-hand bat,Right-arm medium
ODI no. 2914,Zimbabwe,NA,Right-hand bat,Right-arm offbreak
ODI no. 2914,Zimbabwe,Bowler,Right-hand bat,Slow left-arm orthodox
ODI no. 2914,Zimbabwe,Wicketkeeper batsman,Right-hand bat,Right-arm medium
ODI no. 2914,Zimbabwe,Wicketkeeper batsman,Right-hand bat,Right-arm offbreak
ODI no. 2914,Zimbabwe,Bowler,Right-hand bat,Right-arm offbreak
ODI no. 2914,Bangladesh,Top-order batsman,Left-hand bat,Right-arm offbreak
ODI no. 2914,Bangladesh,Middle-order batsman,Right-hand bat,"Right-arm offbreak, Legbreak"
ODI no. 2914,Bangladesh,Allrounder,Right-hand bat,Right-arm offbreak
ODI no. 2914,Bangladesh,Wicketkeeper batsman,Right-hand bat,NA
ODI no. 2914,Bangladesh,Allrounder,Right-hand bat,Right-arm offbreak
ODI no. 2914,Bangladesh,Batsman,Right-hand bat,Legbreak
ODI no. 2914,Bangladesh,Allrounder,Left-hand bat,Slow left-arm orthodox
ODI no. 2914,Bangladesh,Opening batsman,Left-hand bat,NA
ODI no. 2914,Bangladesh,Allrounder,Right-hand bat,Right-arm fast-medium
ODI no. 2914,Bangladesh,Bowler,Left-hand bat,Slow left-arm orthodox
ODI no. 2914,Bangladesh,Bowler,Right-hand bat,Right-arm fast
ODI no. 2914,Zimbabwe,Bowler,Right-hand bat,Right-arm fast-medium
ODI no. 2952,Australia,Bowler,Left-hand bat,Left-arm fast-medium
ODI no. 2952,Australia,Middle-order batsman,Right-hand bat,Slow left-arm orthodox
ODI no. 2952,Australia,Wicketkeeper batsman,Right-hand bat,NA
ODI no. 2952,Australia,Bowler,Right-hand bat,Right-arm offbreak
ODI no. 2952,Australia,Middle-order batsman,Left-hand bat,Right-arm medium
ODI no. 2952,Australia,Bowler,Left-hand bat,Left-arm fast
ODI no. 2952,Australia,Top-order batsman,Left-hand bat,Slow left-arm orthodox
ODI no. 2952,Australia,Bowler,Right-hand bat,Right-arm fast-medium
ODI no. 2952,Australia,Top-order batsman,Right-hand bat,Right-arm medium
ODI no. 2952,Australia,Allrounder,Right-hand bat,Right-arm fast-medium
ODI no. 2952,Australia,Middle-order batsman,Right-hand bat,Legbreak googly
ODI no. 2952,West Indies,Batsman,Left-hand bat,Right-arm offbreak
ODI no. 2952,West Indies,Batsman,Right-hand bat,Right-arm offbreak
ODI no. 2952,West Indies,Allrounder,Left-hand bat,Right-arm offbreak
ODI no. 2952,West Indies,Batsman,Right-hand bat,"Right-arm medium, Right-arm offbreak"
ODI no. 2952,West Indies,Bowler,Right-hand bat,Slow left-arm orthodox
ODI no. 2952,West Indies,Bowler,Left-hand bat,Right-arm fast-medium
ODI no. 2952,West Indies,Wicketkeeper batsman,Right-hand bat,NA
ODI no. 2952,West Indies,Top-order batsman,Right-hand bat,Right-arm medium-fast
ODI no. 2952,West Indies,Allrounder,Right-hand bat,Right-arm medium
ODI no. 2952,West Indies,Bowler,Right-hand bat,Right-arm fast
ODI no. 2952,West Indies,Allrounder,Right-hand bat,Right-arm medium-fast
ODI no. 2979,South Africa,Top-order batsman,Right-hand bat,"Right-arm medium, Right-arm offbreak"
ODI no. 2979,South Africa,Allrounder,Right-hand bat,Right-arm offbreak
ODI no. 2979,South Africa,Batting allrounder,Left-hand bat,Right-arm offbreak
ODI no. 2979,South Africa,Wicketkeeper batsman,Right-hand bat,Right-arm medium
ODI no. 2979,South Africa,Allrounder,Right-hand bat,Right-arm fast-medium
ODI no. 2979,South Africa,Allrounder,Left-hand bat,Right-arm medium-fast
ODI no. 2979,South Africa,Bowler,Left-hand bat,Right-arm fast
ODI no. 2979,South Africa,Opening batsman,Left-hand bat,Right-arm offbreak
ODI no. 2979,South Africa,Bowler,Right-hand bat,Right-arm fast
ODI no. 2979,South Africa,Bowler,Right-hand bat,Left-arm fast-medium
ODI no. 2979,West Indies,Allrounder,Right-hand bat,Right-arm medium-fast
ODI no. 2979,West Indies,Batsman,Left-hand bat,Right-arm offbreak
ODI no. 2979,West Indies,Wicketkeeper batsman,Right-hand bat,"Right-arm medium-fast, Legbreak"
ODI no. 2979,West Indies,Allrounder,Left-hand bat,Right-arm offbreak
ODI no. 2979,West Indies,Bowler,Right-hand bat,Slow left-arm orthodox
ODI no. 2979,West Indies,Bowler,Left-hand bat,Right-arm fast-medium
ODI no. 2979,West Indies,Wicketkeeper batsman,Right-hand bat,NA
ODI no. 2979,West Indies,Batsman,Right-hand bat,Legbreak
ODI no. 2979,West Indies,Allrounder,Right-hand bat,Right-arm medium-fast
ODI no. 2979,West Indies,Bowler,Right-hand bat,Right-arm fast
ODI no. 2979,West Indies,Allrounder,Right-hand bat,Right-arm medium-fast
ODI no. 2979,South Africa,Middle-order batsman,Left-hand bat,Right-arm offbreak
ODI no. 2997,England,Bowler,Left-hand bat,Right-arm fast-medium
ODI no. 2997,England,Bowler,Left-hand bat,Right-arm fast-medium
ODI no. 2997,England,Allrounder,Right-hand bat,Right-arm medium
ODI no. 2997,Scotland,NA,Left-hand bat,Right-arm medium-fast
ODI no. 2997,England,Top-order batsman,Right-hand bat,Right-arm offbreak
ODI no. 2997,England,Opening batsman,Left-hand bat,Left-arm medium
ODI no. 2997,England,Bowler,Right-hand bat,Right-arm offbreak
ODI no. 2997,England,Bowler,Right-hand bat,Right-arm fast-medium
ODI no. 2997,England,Allrounder,Right-hand bat,Right-arm medium-fast
ODI no. 2997,England,Allrounder,Left-hand bat,Slow left-arm orthodox
ODI no. 2997,England,Middle-order batsman,Left-hand bat,Right-arm medium
ODI no. 2997,Scotland,NA,Right-hand bat,
ODI no. 2997,Scotland,NA,Right-hand bat,"Right-arm medium, Right-arm offbreak"
ODI no. 2997,Scotland,NA,Right-hand bat,
ODI no. 2997,Scotland,Top-order batsman,Right-hand bat,Right-arm medium-fast
ODI no. 2997,Scotland,Bowler,Left-hand bat,Right-arm offbreak
ODI no. 2997,Scotland,NA,Left-hand bat,Slow left-arm orthodox
ODI no. 2997,Scotland,Top-order batsman,Right-hand bat,Right-arm medium-fast
ODI no. 2997,England,Opening batsman,Right-hand bat,Right-arm offbreak
ODI no. 2997,Scotland,Bowler,Right-hand bat,Right-arm medium-fast
ODI no. 2997,Scotland,Bowler,Left-hand bat,Right-arm medium-fast
ODI no. 2997,Scotland,Allrounder,Right-hand bat,Right-arm medium-fast
ODI no. 3005,Canada,Wicketkeeper batsman,Right-hand bat,NA
ODI no. 3005,Canada,Middle-order batsman,Right-hand bat,Right-arm medium
ODI no. 3005,Canada,NA,Left-hand bat,Left-arm medium
ODI no. 3005,Afghanistan,Bowler,Right-hand bat,Right-arm fast-medium
ODI no. 3005,Afghanistan,Allrounder,Right-hand bat,Right-arm offbreak
ODI no. 3005,Canada,NA,Left-hand bat,Right-arm medium-fast
ODI no. 3005,Canada,Bowler,Right-hand bat,Right-arm fast-medium
ODI no. 3005,Canada,NA,Left-hand bat,Slow left-arm orthodox
ODI no. 3005,Afghanistan,Middle-order batsman,Right-hand bat,Right-arm offbreak
ODI no. 3005,Afghanistan,Bowler,Right-hand bat,Right-arm fast
ODI no. 3005,Canada,Bowler,Right-hand bat,Right-arm fast-medium
ODI no. 3005,Afghanistan,Top-order batsman,Right-hand bat,Right-arm offbreak
ODI no. 3005,Afghanistan,Allrounder,Right-hand bat,Legbreak
ODI no. 3005,Afghanistan,Opening batsman,Right-hand bat,Right-arm medium-fast
ODI no. 3005,Afghanistan,Bowler,Left-hand bat,Left-arm fast-medium
ODI no. 3005,Afghanistan,Opening batsman,Right-hand bat,Right-arm offbreak
ODI no. 3005,Afghanistan,Middle-order batsman,Right-hand bat,Right-arm medium-fast
ODI no. 3005,Canada,Top-order batsman,Right-hand bat,Right-arm medium
ODI no. 3005,Canada,Batsman,Right-hand bat,Slow left-arm orthodox
ODI no. 3005,Canada,Allrounder,Right-hand bat,"Right-arm medium, Right-arm slow"
ODI no. 3005,Afghanistan,Wicketkeeper batsman,Right-hand bat,NA
ODI no. 3005,Canada,Bowler,Right-hand bat,Slow left-arm orthodox
ODI no. 3027,Ireland,Bowler,Right-hand bat,Right-arm fast-medium
ODI no. 3027,Ireland,Allrounder,Left-hand bat,Right-arm medium
ODI no. 3027,Ireland,Allrounder,Right-hand bat,Right-arm offbreak
ODI no. 3027,Ireland,Wicketkeeper batsman,Left-hand bat,NA
ODI no. 3027,Ireland,Bowler,Left-hand bat,Right-arm fast-medium
ODI no. 3027,Ireland,Allrounder,Right-hand bat,Right-arm medium-fast
ODI no. 3027,Ireland,Wicketkeeper batsman,Right-hand bat,NA
ODI no. 3027,Ireland,Opening batsman,Left-hand bat,Right-arm offbreak
ODI no. 3027,Bangladesh,Middle-order batsman,Right-hand bat,Right-arm offbreak
ODI no. 3027,Bangladesh,Top-order batsman,Left-hand bat,Right-arm offbreak
ODI no. 3027,Bangladesh,Bowler,Right-hand bat,Right-arm fast-medium
ODI no. 3027,Bangladesh,Allrounder,Right-hand bat,Right-arm offbreak
ODI no. 3027,Bangladesh,Wicketkeeper batsman,Right-hand bat,NA
ODI no. 3027,Bangladesh,Allrounder,Left-hand bat,Slow left-arm orthodox
ODI no. 3027,Bangladesh,NA,Left-hand bat,Left-arm medium-fast
ODI no. 3027,Bangladesh,Opening batsman,Left-hand bat,NA
ODI no. 3027,Bangladesh,Bowler,Left-hand bat,Slow left-arm orthodox
ODI no. 3027,Bangladesh,Opening batsman,Left-hand bat,NA
ODI no. 3027,Ireland,Bowler,Right-hand bat,Right-arm medium-fast
ODI no. 3027,Bangladesh,Bowler,Right-hand bat,Right-arm fast
ODI no. 3027,Ireland,Allrounder,Right-hand bat,Right-arm offbreak
ODI no. 3027,Ireland,Bowler,Right-hand bat,Slow left-arm orthodox
ODI no. 3029,Netherlands,Bowler,Right-hand bat,Right-arm offbreak
ODI no. 3029,Netherlands,Middle-order batsman,Right-hand bat,Right-arm medium
ODI no. 3029,Netherlands,Wicketkeeper batsman,Right-hand bat,NA
ODI no. 3029,Netherlands,Allrounder,Right-hand bat,Right-arm medium
ODI no. 3029,Netherlands,Wicketkeeper batsman,Right-hand bat,Right-arm offbreak
ODI no. 3029,Bangladesh,Middle-order batsman,Right-hand bat,Right-arm offbreak
ODI no. 3029,Bangladesh,Top-order batsman,Left-hand bat,Right-arm offbreak
ODI no. 3029,Bangladesh,Bowler,Right-hand bat,Right-arm fast-medium
ODI no. 3029,Bangladesh,Allrounder,Right-hand bat,Right-arm offbreak
ODI no. 3029,Bangladesh,Wicketkeeper batsman,Right-hand bat,NA
ODI no. 3029,Bangladesh,Bowler,Right-hand bat,Right-arm medium-fast
ODI no. 3029,Bangladesh,Allrounder,Left-hand bat,Slow left-arm orthodox
ODI no. 3029,Bangladesh,Opening batsman,Left-hand bat,NA
ODI no. 3029,Bangladesh,Bowler,Left-hand bat,Slow left-arm orthodox
ODI no. 3029,Netherlands,Opening batsman,Right-hand bat,Right-arm medium
ODI no. 3029,Netherlands,Batsman,Right-hand bat,Right-arm medium
ODI no. 3029,Netherlands,Middle-order batsman,Right-hand bat,Right-arm offbreak
ODI no. 3029,Netherlands,Allrounder,Right-hand bat,Right-arm medium-fast
ODI no. 3029,Netherlands,Bowler,Right-hand bat,Right-arm fast
ODI no. 3029,Bangladesh,Opening batsman,Left-hand bat,NA
ODI no. 3029,Bangladesh,Bowler,Right-hand bat,Right-arm fast-medium
ODI no. 3029,Netherlands,Bowler,Right-hand bat,Right-arm fast-medium
ODI no. 3149,Australia,Middle-order batsman,Right-hand bat,Slow left-arm orthodox
ODI no. 3149,Australia,Bowler,Left-hand bat,Slow left-arm orthodox
ODI no. 3149,Australia,Wicketkeeper batsman,Right-hand bat,NA
ODI no. 3149,Australia,Middle-order batsman,Left-hand bat,Right-arm medium
ODI no. 3149,Australia,Bowler,Left-hand bat,Left-arm fast
ODI no. 3149,Australia,Bowler,Right-hand bat,Right-arm fast
ODI no. 3149,Australia,Top-order batsman,Right-hand bat,Right-arm medium
ODI no. 3149,Australia,Allrounder,Right-hand bat,Right-arm fast-medium
ODI no. 3149,Australia,Middle-order batsman,Right-hand bat,Legbreak googly
ODI no. 3149,Bangladesh,Bowler,Right-hand bat,Right-arm fast-medium
ODI no. 3149,Bangladesh,Allrounder,Right-hand bat,Right-arm offbreak
ODI no. 3149,Bangladesh,Wicketkeeper batsman,Right-hand bat,NA
ODI no. 3149,Bangladesh,Batsman,Right-hand bat,Legbreak
ODI no. 3149,Bangladesh,Bowler,Left-hand bat,Slow left-arm orthodox
ODI no. 3149,Bangladesh,Allrounder,Left-hand bat,Slow left-arm orthodox
ODI no. 3149,Bangladesh,Top-order batsman,Left-hand bat,NA
ODI no. 3149,Bangladesh,Opening batsman,Left-hand bat,NA
ODI no. 3149,Bangladesh,Bowler,Left-hand bat,Slow left-arm orthodox
ODI no. 3149,Australia,Allrounder,Right-hand bat,Right-arm fast-medium
ODI no. 3149,Australia,Middle-order batsman,Right-hand bat,Legbreak googly
ODI no. 3149,Bangladesh,Opening batsman,Left-hand bat,NA
ODI no. 3149,Bangladesh,Bowler,Right-hand bat,Right-arm fast-medium
ODI no. 3159,India,Middle-order batsman,Right-hand bat,Right-arm offbreak
ODI no. 3159,India,Opening batsman,Left-hand bat,Right-arm offbreak
ODI no. 3159,India,Bowler,Right-hand bat,Right-arm offbreak
ODI no. 3159,India,Bowler,Right-hand bat,Right-arm medium
ODI no. 3159,India,Bowler,Right-hand bat,Legbreak
ODI no. 3159,India,Wicketkeeper batsman,Left-hand bat,NA
ODI no. 3159,India,Allrounder,Right-hand bat,Right-arm offbreak
ODI no. 3159,India,Bowler,Right-hand bat,Right-arm medium-fast
ODI no. 3159,India,Middle-order batsman,Left-hand bat,Right-arm offbreak
ODI no. 3159,India,Top-order batsman,Right-hand bat,Right-arm offbreak
ODI no. 3159,West Indies,Allrounder,Right-hand bat,Right-arm medium-fast
ODI no. 3159,West Indies,Wicketkeeper,Right-hand bat,Legbreak googly
ODI no. 3159,West Indies,Batsman,Right-hand bat,Right-arm offbreak
ODI no. 3159,West Indies,Bowler,Left-hand bat,Right-arm fast-medium
ODI no. 3159,West Indies,Batsman,Right-hand bat,Legbreak
ODI no. 3159,West Indies,Top-order batsman,Right-hand bat,Right-arm offbreak
ODI no. 3159,West Indies,Allrounder,Right-hand bat,Right-arm medium-fast
ODI no. 3159,West Indies,Top-order batsman,Right-hand bat,Right-arm medium-fast
ODI no. 3159,West Indies,Bowler,Right-hand bat,Legbreak
ODI no. 3159,India,Top-order batsman,Right-hand bat,Right-arm medium
ODI no. 3159,West Indies,Top-order batsman,Left-hand bat,Right-arm medium-fast
ODI no. 3159,West Indies,Bowler,Left-hand bat,Legbreak
ODI no. 3185,England,Middle-order batsman,Right-hand bat,Right-arm medium
ODI no. 3185,England,Bowler,Right-hand bat,Right-arm fast-medium
ODI no. 3185,England,Allrounder,Right-hand bat,Slow left-arm orthodox
ODI no. 3185,Ireland,Allrounder,Left-hand bat,Right-arm medium
ODI no. 3185,Ireland,Top-order batsman,Left-hand bat,Right-arm medium
ODI no. 3185,Ireland,Wicketkeeper batsman,Left-hand bat,NA
ODI no. 3185,England,Middle-order batsman,Left-hand bat,Right-arm medium
ODI no. 3185,Ireland,Bowler,Left-hand bat,Right-arm fast-medium
ODI no. 3185,Ireland,Allrounder,Right-hand bat,Right-arm medium-fast
ODI no. 3185,Ireland,Wicketkeeper batsman,Right-hand bat,NA
ODI no. 3185,Ireland,Opening batsman,Left-hand bat,Right-arm offbreak
ODI no. 3185,England,Top-order batsman,Right-hand bat,Right-arm medium
ODI no. 3185,England,Bowler,Right-hand bat,Right-arm fast-medium
ODI no. 3185,England,Opening batsman,Right-hand bat,Right-arm offbreak
ODI no. 3185,England,Bowler,Right-hand bat,Right-arm fast-medium
ODI no. 3185,Ireland,Bowler,Right-hand bat,Right-arm medium-fast
ODI no. 3185,England,Middle-order batsman,Right-hand bat,Legbreak
ODI no. 3185,Ireland,Allrounder,Right-hand bat,Right-arm offbreak
ODI no. 3185,England,Bowler,Left-hand bat,Legbreak
ODI no. 3185,England,Allrounder,Left-hand bat,Right-arm fast-medium
ODI no. 3185,Ireland,Bowler,Right-hand bat,Slow left-arm orthodox
ODI no. 3185,Ireland,Allrounder,Right-hand bat,Right-arm medium
ODI no. 3305,New Zealand,Allrounder,Right-hand bat,Right-arm fast-medium
ODI no. 3305,New Zealand,Allrounder,Left-hand bat,Left-arm medium
ODI no. 3305,New Zealand,Bowler,Right-hand bat,Right-arm fast-medium
ODI no. 3305,New Zealand,Bowler,Right-hand bat,Right-arm offbreak
ODI no. 3305,New Zealand,Opening batsman,Right-hand bat,"Right-arm medium, Right-arm offbreak"
ODI no. 3305,New Zealand,Middle-order batsman,Right-hand bat,Right-arm offbreak
ODI no. 3305,New Zealand,Wicketkeeper batsman,Right-hand bat,NA
ODI no. 3305,Sri Lanka,Allrounder,Right-hand bat,Right-arm offbreak
ODI no. 3305,Sri Lanka,Bowler,Left-hand bat,Slow left-arm orthodox
ODI no. 3305,Sri Lanka,Batsman,Right-hand bat,Right-arm medium
ODI no. 3305,Sri Lanka,Bowler,Right-hand bat,Right-arm fast-medium
ODI no. 3305,Sri Lanka,Allrounder,Left-hand bat,Legbreak
ODI no. 3305,Sri Lanka,Bowler,Right-hand bat,Right-arm fast
ODI no. 3305,Sri Lanka,Allrounder,Right-hand bat,Right-arm medium
ODI no. 3305,Sri Lanka,Wicketkeeper batsman,Left-hand bat,Right-arm offbreak
ODI no. 3305,Sri Lanka,Batsman,Left-hand bat,NA
ODI no. 3305,New Zealand,Bowler,Right-hand bat,Right-arm medium-fast
ODI no. 3305,Sri Lanka,Allrounder,Left-hand bat,Right-arm medium-fast
ODI no. 3305,New Zealand,Top-order batsman,Right-hand bat,Right-arm offbreak
ODI no. 3305,New Zealand,Bowler,Right-hand bat,Left-arm fast-medium
ODI no. 3305,Sri Lanka,Top-order batsman,Left-hand bat,Right-arm medium-fast
ODI no. 3305,New Zealand,Wicketkeeper batsman,Left-hand bat,Right-arm medium
ODI no. 3309,West Indies,Allrounder,Left-hand bat,Right-arm offbreak
ODI no. 3309,West Indies,Bowler,Left-hand bat,Right-arm fast-medium
ODI no. 3309,West Indies,Top-order batsman,Right-hand bat,Right-arm offbreak
ODI no. 3309,West Indies,Allrounder,Right-hand bat,Right-arm medium-fast
ODI no. 3309,West Indies,Top-order batsman,Right-hand bat,Right-arm medium-fast
ODI no. 3309,Bangladesh,Bowler,Right-hand bat,Right-arm fast-medium
ODI no. 3309,Bangladesh,Allrounder,Right-hand bat,Right-arm offbreak
ODI no. 3309,Bangladesh,Wicketkeeper batsman,Right-hand bat,NA
ODI no. 3309,Bangladesh,Allrounder,Right-hand bat,Right-arm offbreak
ODI no. 3309,Bangladesh,Opening batsman,Left-hand bat,NA
ODI no. 3309,Bangladesh,Bowler,Left-hand bat,Slow left-arm orthodox
ODI no. 3309,West Indies,Bowler,Right-hand bat,Right-arm fast
ODI no. 3309,West Indies,Bowler,Left-hand bat,Right-arm offbreak
ODI no. 3309,West Indies,Allrounder,Right-hand bat,Right-arm medium-fast
ODI no. 3309,West Indies,Batsman,Right-hand bat,Right-arm medium
ODI no. 3309,West Indies,Allrounder,Right-hand bat,Right-arm fast
ODI no. 3309,West Indies,Top-order batsman,Left-hand bat,Right-arm medium-fast
ODI no. 3309,Bangladesh,Allrounder,Right-hand bat,Right-arm offbreak
ODI no. 3309,Bangladesh,Bowler,Left-hand bat,Right-arm medium-fast
ODI no. 3309,Bangladesh,Middle-order batsman,Left-hand bat,Slow left-arm orthodox
ODI no. 3309,Bangladesh,Wicketkeeper batsman,Right-hand bat,NA
ODI no. 3309,Bangladesh,Bowler,Right-hand bat,Right-arm offbreak
ODI no. 3311,West Indies,Allrounder,Left-hand bat,Right-arm offbreak
ODI no. 3311,West Indies,Bowler,Left-hand bat,Right-arm fast-medium
ODI no. 3311,West Indies,Top-order batsman,Right-hand bat,Right-arm offbreak
ODI no. 3311,West Indies,Allrounder,Right-hand bat,Right-arm medium-fast
ODI no. 3311,West Indies,Allrounder,Right-hand bat,Right-arm medium
ODI no. 3311,Bangladesh,Bowler,Right-hand bat,Right-arm fast-medium
ODI no. 3311,Bangladesh,Allrounder,Right-hand bat,Right-arm offbreak
ODI no. 3311,Bangladesh,Wicketkeeper batsman,Right-hand bat,NA
ODI no. 3311,Bangladesh,Allrounder,Right-hand bat,Right-arm offbreak
ODI no. 3311,Bangladesh,Opening batsman,Left-hand bat,NA
ODI no. 3311,Bangladesh,Bowler,Left-hand bat,Slow left-arm orthodox
ODI no. 3311,West Indies,Bowler,Left-hand bat,Right-arm offbreak
ODI no. 3311,West Indies,Allrounder,Right-hand bat,Right-arm medium-fast
ODI no. 3311,West Indies,Batsman,Right-hand bat,Right-arm medium
ODI no. 3311,West Indies,Opening batsman,Left-hand bat,"Right-arm medium, Right-arm offbreak"
ODI no. 3311,West Indies,Bowler,Right-hand bat,Slow left-arm orthodox
ODI no. 3311,West Indies,Top-order batsman,Left-hand bat,Right-arm medium-fast
ODI no. 3311,Bangladesh,Allrounder,Right-hand bat,Right-arm offbreak
ODI no. 3311,Bangladesh,Bowler,Right-hand bat,Right-arm fast
ODI no. 3311,Bangladesh,Middle-order batsman,Left-hand bat,Slow left-arm orthodox
ODI no. 3311,Bangladesh,Wicketkeeper batsman,Right-hand bat,NA
ODI no. 3311,Bangladesh,Bowler,Right-hand bat,Right-arm offbreak
ODI no. 3320,England,Top-order batsman,Right-hand bat,Right-arm medium
ODI no. 3320,England,Opening batsman,Left-hand bat,Right-arm slow
ODI no. 3320,England,Bowler,Right-hand bat,Right-arm fast-medium
ODI no. 3320,England,Allrounder,Right-hand bat,Slow left-arm orthodox
ODI no. 3320,England,Top-order batsman,Right-hand bat,Right-arm offbreak
ODI no. 3320,England,Allrounder,Left-hand bat,Right-arm offbreak
ODI no. 3320,England,Middle-order batsman,Left-hand bat,Right-arm medium
ODI no. 3320,India,Bowling allrounder,Right-hand bat,Right-arm offbreak
ODI no. 3320,India,Wicketkeeper batsman,Right-hand bat,Right-arm medium
ODI no. 3320,India,Top-order batsman,Left-hand bat,Legbreak
ODI no. 3320,India,Middle-order batsman,Left-hand bat,Right-arm offbreak
ODI no. 3320,India,Middle-order batsman,Left-hand bat,Slow left-arm orthodox
ODI no. 3320,England,Bowler,Right-hand bat,Right-arm fast-medium
ODI no. 3320,England,Opening batsman,Right-hand bat,Right-arm offbreak
ODI no. 3320,India,Allrounder,Left-hand bat,Slow left-arm orthodox
ODI no. 3320,India,Bowler,Right-hand bat,Right-arm fast-medium
ODI no. 3320,England,Bowler,Right-hand bat,Right-arm fast-medium
ODI no. 3320,India,Top-order batsman,Right-hand bat,Right-arm medium
ODI no. 3320,India,Top-order batsman,Right-hand bat,Right-arm medium
ODI no. 3320,England,Top-order batsman,Right-hand bat,Right-arm offbreak
ODI no. 3320,India,Bowler,Right-hand bat,Right-arm medium
ODI no. 3320,India,Bowler,Right-hand bat,Right-arm fast-medium
ODI no. 3333,Australia,Middle-order batsman,Right-hand bat,Slow left-arm orthodox
ODI no. 3333,Australia,Top-order batsman,Right-hand bat,Slow left-arm orthodox
ODI no. 3333,Australia,Bowler,Left-hand bat,Left-arm fast
ODI no. 3333,Australia,Bowler,Right-hand bat,Right-arm fast-medium
ODI no. 3333,Australia,Top-order batsman,Right-hand bat,Slow left-arm orthodox
ODI no. 3333,Australia,Allrounder,Right-hand bat,Right-arm fast-medium
ODI no. 3333,West Indies,Bowler,Right-hand bat,Right-arm fast
ODI no. 3333,West Indies,Allrounder,Right-hand bat,Right-arm medium-fast
ODI no. 3333,West Indies,Batsman,Left-hand bat,Right-arm offbreak
ODI no. 3333,West Indies,Allrounder,Right-hand bat,Right-arm medium-fast
ODI no. 3333,Australia,Wicketkeeper batsman,Left-hand bat,Right-arm medium
ODI no. 3333,Australia,Allrounder,Right-hand bat,Right-arm fast-medium
ODI no. 3333,West Indies,Bowler,Left-hand bat,Right-arm offbreak
ODI no. 3333,West Indies,Allrounder,Right-hand bat,Right-arm medium-fast
ODI no. 3333,West Indies,Batsman,Right-hand bat,Right-arm medium
ODI no. 3333,West Indies,Opening batsman,Left-hand bat,"Right-arm medium, Right-arm offbreak"
ODI no. 3333,Australia,Bowling allrounder,Right-hand bat,Left-arm fast-medium
ODI no. 3333,Australia,Opening batsman,Left-hand bat,NA
ODI no. 3333,West Indies,Allrounder,Right-hand bat,Right-arm fast
ODI no. 3333,West Indies,Top-order batsman,Left-hand bat,Right-arm medium-fast
ODI no. 3333,Australia,Batting allrounder,Right-hand bat,Right-arm offbreak
ODI no. 3333,West Indies,Wicketkeeper batsman,Right-hand bat,NA
ODI no. 3337,West Indies,Bowler,Right-hand bat,Right-arm fast
ODI no. 3337,West Indies,Allrounder,Right-hand bat,Right-arm medium-fast
ODI no. 3337,West Indies,Batsman,Left-hand bat,Right-arm offbreak
ODI no. 3337,West Indies,Wicketkeeper batsman,Right-hand bat,NA
ODI no. 3337,West Indies,Batsman,Right-hand bat,Legbreak
ODI no. 3337,zimbabwe,Top-order batsman,Right-hand bat,Right-arm medium
ODI no. 3337,zimbabwe,Middle-order batsman,Left-hand bat,Right-arm offbreak
ODI no. 3337,zimbabwe,Top-order batsman,Right-hand bat,Right-arm medium
ODI no. 3337,zimbabwe,Bowler,Right-hand bat,Right-arm fast-medium
ODI no. 3337,zimbabwe,Opening batsman,Right-hand bat,"Right-arm medium, Right-arm offbreak"
ODI no. 3337,zimbabwe,Wicketkeeper batsman,Right-hand bat,Right-arm offbreak
ODI no. 3337,zimbabwe,Bowler,Right-hand bat,Right-arm offbreak
ODI no. 3337,zimbabwe,Batsman,Right-hand bat,Right-arm offbreak
ODI no. 3337,West Indies,Bowler,Right-hand bat,Right-arm fast
ODI no. 3337,West Indies,Bowler,Left-hand bat,Right-arm offbreak
ODI no. 3337,West Indies,Opening batsman,Left-hand bat,"Right-arm medium, Right-arm offbreak"
ODI no. 3337,West Indies,Allrounder,Right-hand bat,Right-arm fast
ODI no. 3337,West Indies,Top-order batsman,Left-hand bat,Right-arm medium-fast
ODI no. 3337,zimbabwe,Wicketkeeper batsman,Right-hand bat,Right-arm offbreak
ODI no. 3337,zimbabwe,Bowler,Right-hand bat,Right-arm fast-medium
ODI no. 3337,West Indies,Wicketkeeper batsman,Right-hand bat,NA
ODI no. 3337,zimbabwe,Bowler,Right-hand bat,Legbreak
ODI no. 3343,Pakistan,Wicketkeeper batsman,Right-hand bat,NA
ODI no. 3343,Pakistan,Middle-order batsman,Right-hand bat,Legbreak
ODI no. 3343,Pakistan,Allrounder,Right-hand bat,Right-arm offbreak
ODI no. 3343,Pakistan,Opening batsman,Left-hand bat,NA
ODI no. 3343,Pakistan,Allrounder,Right-hand bat,Legbreak googly
ODI no. 3343,Pakistan,Middle-order batsman,Right-hand bat,Right-arm offbreak
ODI no. 3343,Pakistan,Bowler,Right-hand bat,Right-arm offbreak
ODI no. 3343,Pakistan,Bowler,Right-hand bat,Right-arm fast-medium
ODI no. 3343,Pakistan,Middle-order batsman,Right-hand bat,"Right-arm medium, Legbreak"
ODI no. 3343,South Africa,Top-order batsman,Right-hand bat,"Right-arm medium, Right-arm offbreak"
ODI no. 3343,South Africa,Batting allrounder,Right-hand bat,Right-arm fast-medium
ODI no. 3343,South Africa,Middle-order batsman,Right-hand bat,Legbreak
ODI no. 3343,South Africa,Wicketkeeper batsman,Right-hand bat,Right-arm medium
ODI no. 3343,South Africa,Top-order batsman,Left-hand bat,Legbreak
ODI no. 3343,South Africa,Bowler,Right-hand bat,Right-arm fast-medium
ODI no. 3343,South Africa,Allrounder,Left-hand bat,Right-arm medium-fast
ODI no. 3343,South Africa,Bowler,Left-hand bat,Slow left-arm orthodox
ODI no. 3343,South Africa,Opening batsman,Left-hand bat,Right-arm offbreak
ODI no. 3343,South Africa,Bowler,Right-hand bat,Left-arm fast-medium
ODI no. 3343,Pakistan,Bowler,Right-hand bat,Left-arm fast
ODI no. 3343,South Africa,Bowler,Right-hand bat,Right-arm fast-medium
ODI no. 3343,Pakistan,Middle-order batsman,Right-hand bat,Right-arm offbreak
ODI no. 3353,Zimbabwe,Allrounder,Right-hand bat,Right-arm fast-medium
ODI no. 3353,Zimbabwe,Top-order batsman,Right-hand bat,Right-arm medium
ODI no. 3353,Zimbabwe,Bowler,Right-hand bat,Right-arm fast-medium
ODI no. 3353,Zimbabwe,Wicketkeeper batsman,Right-hand bat,Right-arm offbreak
ODI no. 3353,Zimbabwe,Bowler,Right-hand bat,Right-arm offbreak
ODI no. 3353,Zimbabwe,Middle-order batsman,Left-hand bat,Slow left-arm orthodox
ODI no. 3353,Zimbabwe,Batsman,Right-hand bat,Right-arm offbreak
ODI no. 3353,Bangladesh,Middle-order batsman,Right-hand bat,"Right-arm offbreak, Legbreak"
ODI no. 3353,Bangladesh,Allrounder,Right-hand bat,Right-arm offbreak
ODI no. 3353,Bangladesh,Wicketkeeper batsman,Right-hand bat,NA
ODI no. 3353,Bangladesh,Allrounder,Left-hand bat,Slow left-arm orthodox
ODI no. 3353,Bangladesh,Allrounder,Right-hand bat,Right-arm fast-medium
ODI no. 3353,Bangladesh,Opening batsman,Left-hand bat,NA
ODI no. 3353,Bangladesh,Bowler,Left-hand bat,Slow left-arm orthodox
ODI no. 3353,Bangladesh,Bowler,Right-hand bat,Right-arm fast-medium
ODI no. 3353,Bangladesh,Bowler,Right-hand bat,Right-arm fast-medium
ODI no. 3353,Zimbabwe,Wicketkeeper batsman,Right-hand bat,Right-arm offbreak
ODI no. 3353,Zimbabwe,Batting allrounder,Right-hand bat,Right-arm offbreak
ODI no. 3353,Bangladesh,Allrounder,Right-hand bat,Right-arm offbreak
ODI no. 3353,Zimbabwe,Bowler,Right-hand bat,Right-arm fast-medium
ODI no. 3353,Bangladesh,Middle-order batsman,Left-hand bat,Slow left-arm orthodox
ODI no. 3353,Zimbabwe,Bowler,Right-hand bat,Right-arm fast-medium
ODI no. 3389,Pakistan,Middle-order batsman,Right-hand bat,Legbreak
ODI no. 3389,Pakistan,Allrounder,Right-hand bat,Right-arm offbreak
ODI no. 3389,Pakistan,Opening batsman,Left-hand bat,NA
ODI no. 3389,Pakistan,Allrounder,Right-hand bat,Legbreak googly
ODI no. 3389,Pakistan,Bowler,Right-hand bat,Right-arm offbreak
ODI no. 3389,Pakistan,Bowler,Right-hand bat,Left-arm fast
ODI no. 3389,West Indies,Allrounder,Right-hand bat,Right-arm medium-fast
ODI no. 3389,West Indies,Allrounder,Left-hand bat,Right-arm offbreak
ODI no. 3389,West Indies,Top-order batsman,Right-hand bat,Right-arm offbreak
ODI no. 3389,West Indies,Allrounder,Right-hand bat,Right-arm medium-fast
ODI no. 3389,West Indies,Top-order batsman,Right-hand bat,Right-arm medium-fast
ODI no. 3389,Pakistan,Bowler,Right-hand bat,Right-arm medium-fast
ODI no. 3389,West Indies,Bowler,Right-hand bat,Right-arm fast
ODI no. 3389,West Indies,Bowler,Left-hand bat,Right-arm offbreak
ODI no. 3389,West Indies,Allrounder,Right-hand bat,Right-arm medium-fast
ODI no. 3389,Pakistan,Opening batsman,Right-hand bat,Legbreak
ODI no. 3389,West Indies,Top-order batsman,Left-hand bat,Right-arm medium-fast
ODI no. 3389,Pakistan,Middle-order batsman,Right-hand bat,Right-arm offbreak
ODI no. 3389,Pakistan,Middle-order batsman,Right-hand bat,NA
ODI no. 3389,West Indies,Wicketkeeper batsman,Right-hand bat,NA
ODI no. 3389,West Indies,Bowling allrounder,Right-hand bat,Right-arm medium-fast
ODI no. 3389,Pakistan,Bowler,Right-hand bat,Left-arm fast
ODI no. 3423,New Zealand,Opening batsman,Left-hand bat,Slow left-arm orthodox
ODI no. 3423,New Zealand,Wicketkeeper batsman,Right-hand bat,"Right-arm medium, Right-arm offbreak"
ODI no. 3423,New Zealand,Bowler,Right-hand bat,Right-arm offbreak
ODI no. 3423,New Zealand,Middle-order batsman,Right-hand bat,Right-arm offbreak
ODI no. 3423,New Zealand,Allrounder,Right-hand bat,Right-arm medium
ODI no. 3423,Bangladesh,Bowler,Right-hand bat,Right-arm fast-medium
ODI no. 3423,Bangladesh,Allrounder,Right-hand bat,Right-arm offbreak
ODI no. 3423,Bangladesh,Wicketkeeper batsman,Right-hand bat,NA
ODI no. 3423,Bangladesh,Allrounder,Right-hand bat,Right-arm offbreak
ODI no. 3423,Bangladesh,Opening batsman,Left-hand bat,NA
ODI no. 3423,Bangladesh,Bowler,Left-hand bat,Slow left-arm orthodox
ODI no. 3423,New Zealand,Bowler,Right-hand bat,Right-arm medium-fast
ODI no. 3423,New Zealand,Batting allrounder,Left-hand bat,Left-arm medium-fast
ODI no. 3423,New Zealand,Top-order batsman,Right-hand bat,Right-arm offbreak
ODI no. 3423,Bangladesh,Allrounder,Right-hand bat,Right-arm offbreak
ODI no. 3423,Bangladesh,Bowler,Right-hand bat,Right-arm fast
ODI no. 3423,New Zealand,Bowler,Left-hand bat,Left-arm fast-medium
ODI no. 3423,New Zealand,Opening batsman,Left-hand bat,Slow left-arm orthodox
ODI no. 3423,New Zealand,Batting allrounder,Left-hand bat,Right-arm medium
ODI no. 3423,Bangladesh,Middle-order batsman,Left-hand bat,Slow left-arm orthodox
ODI no. 3423,Bangladesh,Wicketkeeper batsman,Right-hand bat,NA
ODI no. 3423,Bangladesh,Bowler,Right-hand bat,Right-arm offbreak
ODI no. 3436,India,Bowling allrounder,Right-hand bat,Right-arm offbreak
ODI no. 3436,India,Wicketkeeper batsman,Right-hand bat,Right-arm medium
ODI no. 3436,India,Opening batsman,Left-hand bat,Right-arm offbreak
ODI no. 3436,India,Middle-order batsman,Left-hand bat,Right-arm offbreak
ODI no. 3436,India,Top-order batsman,Right-hand bat,Right-arm offbreak
ODI no. 3436,India,Middle-order batsman,Left-hand bat,Slow left-arm orthodox
ODI no. 3436,West Indies,Allrounder,Right-hand bat,Right-arm medium-fast
ODI no. 3436,West Indies,Batsman,Left-hand bat,Right-arm offbreak
ODI no. 3436,West Indies,Allrounder,Left-hand bat,Right-arm offbreak
ODI no. 3436,West Indies,Bowler,Left-hand bat,Right-arm fast-medium
ODI no. 3436,West Indies,Top-order batsman,Right-hand bat,Right-arm offbreak
ODI no. 3436,West Indies,Allrounder,Right-hand bat,Right-arm medium-fast
ODI no. 3436,West Indies,Top-order batsman,Right-hand bat,Right-arm medium-fast
ODI no. 3436,West Indies,Bowler,Left-hand bat,Right-arm offbreak
ODI no. 3436,India,Allrounder,Left-hand bat,Slow left-arm orthodox
ODI no. 3436,India,Top-order batsman,Right-hand bat,Right-arm medium
ODI no. 3436,West Indies,Top-order batsman,Left-hand bat,Right-arm medium-fast
ODI no. 3436,India,Bowler,Right-hand bat,Right-arm medium
ODI no. 3436,West Indies,Wicketkeeper batsman,Right-hand bat,NA
ODI no. 3436,India,Bowler,Right-hand bat,Left-arm medium
ODI no. 3436,West Indies,Bowling allrounder,Right-hand bat,Right-arm medium-fast
ODI no. 3436,India,Bowler,Right-hand bat,Right-arm fast-medium
ODI no. 3438,South Africa,Bowler,Right-hand bat,Legbreak googly
ODI no. 3438,Pakistan,Middle-order batsman,Right-hand bat,Legbreak
ODI no. 3438,Pakistan,Allrounder,Right-hand bat,Right-arm offbreak
ODI no. 3438,Pakistan,Opening batsman,Left-hand bat,NA
ODI no. 3438,Pakistan,Allrounder,Right-hand bat,Legbreak googly
ODI no. 3438,Pakistan,Bowler,Right-hand bat,Right-arm offbreak
ODI no. 3438,Pakistan,Middle-order batsman,Right-hand bat,Right-arm offbreak
ODI no. 3438,South Africa,Top-order batsman,Right-hand bat,"Right-arm medium, Right-arm offbreak"
ODI no. 3438,South Africa,Batting allrounder,Left-hand bat,Right-arm offbreak
ODI no. 3438,South Africa,Wicketkeeper batsman,Right-hand bat,Right-arm medium
ODI no. 3438,South Africa,Allrounder,Right-hand bat,Right-arm fast-medium
ODI no. 3438,South Africa,Bowler,Left-hand bat,Right-arm fast
ODI no. 3438,South Africa,Allrounder,Right-hand bat,Right-arm fast-medium
ODI no. 3438,South Africa,Opening batsman,Left-hand bat,Right-arm offbreak
ODI no. 3438,South Africa,Bowler,Right-hand bat,Right-arm fast
ODI no. 3438,Pakistan,Bowler,Right-hand bat,Right-arm medium-fast
ODI no. 3438,Pakistan,Opening batsman,Right-hand bat,Legbreak
ODI no. 3438,Pakistan,Bowler,Right-hand bat,Left-arm fast
ODI no. 3438,Pakistan,Middle-order batsman,Right-hand bat,NA
ODI no. 3438,South Africa,Middle-order batsman,Left-hand bat,Right-arm offbreak
ODI no. 3438,Pakistan,Bowler,Right-hand bat,Right-arm medium-fast
ODI no. 3438,South Africa,Wicketkeeper batsman,Left-hand bat,NA
ODI no. 3449,New Zealand,Wicketkeeper batsman,Right-hand bat,NA
ODI no. 3449,New Zealand,Wicketkeeper batsman,Right-hand bat,"Right-arm medium, Right-arm offbreak"
ODI no. 3449,New Zealand,Bowler,Right-hand bat,Right-arm fast-medium
ODI no. 3449,New Zealand,Bowler,Right-hand bat,Right-arm offbreak
ODI no. 3449,New Zealand,Allrounder,Left-hand bat,Right-arm medium
ODI no. 3449,New Zealand,Middle-order batsman,Right-hand bat,Right-arm offbreak
ODI no. 3449,West Indies,Allrounder,Right-hand bat,Right-arm medium-fast
ODI no. 3449,West Indies,Batsman,Left-hand bat,Right-arm offbreak
ODI no. 3449,West Indies,Bowler,Left-hand bat,Right-arm fast-medium
ODI no. 3449,West Indies,Wicketkeeper batsman,Right-hand bat,NA
ODI no. 3449,West Indies,Allrounder,Right-hand bat,Right-arm medium-fast
ODI no. 3449,West Indies,Top-order batsman,Right-hand bat,Right-arm medium-fast
ODI no. 3449,New Zealand,Opening batsman,Right-hand bat,Right-arm offbreak
ODI no. 3449,West Indies,Bowler,Left-hand bat,Right-arm offbreak
ODI no. 3449,West Indies,Opening batsman,Left-hand bat,"Right-arm medium, Right-arm offbreak"
ODI no. 3449,West Indies,Top-order batsman,Left-hand bat,Right-arm medium-fast
ODI no. 3449,New Zealand,Batting allrounder,Left-hand bat,Left-arm medium-fast
ODI no. 3449,New Zealand,Top-order batsman,Right-hand bat,Right-arm offbreak
ODI no. 3449,New Zealand,Bowler,Left-hand bat,Left-arm fast-medium
ODI no. 3449,West Indies,Wicketkeeper batsman,Right-hand bat,NA
ODI no. 3449,New Zealand,Batting allrounder,Left-hand bat,Right-arm medium
ODI no. 3449,West Indies,Bowling allrounder,Right-hand bat,Right-arm medium-fast
ODI no. 3469,Sri Lanka,Allrounder,Right-hand bat,Right-arm offbreak
ODI no. 3469,Sri Lanka,Bowler,Right-hand bat,Right-arm fast-medium
ODI no. 3469,Sri Lanka,Bowler,Right-hand bat,Right-arm fast
ODI no. 3469,Sri Lanka,Allrounder,Right-hand bat,Right-arm medium
ODI no. 3469,Sri Lanka,Wicketkeeper batsman,Left-hand bat,Right-arm offbreak
ODI no. 3469,Bangladesh,Allrounder,Right-hand bat,Right-arm offbreak
ODI no. 3469,Bangladesh,Wicketkeeper batsman,Right-hand bat,NA
ODI no. 3469,Bangladesh,Allrounder,Left-hand bat,Slow left-arm orthodox
ODI no. 3469,Bangladesh,Opening batsman,Right-hand bat,NA
ODI no. 3469,Bangladesh,Bowler,Left-hand bat,Slow left-arm orthodox
ODI no. 3469,Sri Lanka,Allrounder,Left-hand bat,Right-arm medium-fast
ODI no. 3469,Sri Lanka,Allrounder,Right-hand bat,Right-arm offbreak
ODI no. 3469,Sri Lanka,Bowler,Right-hand bat,Right-arm offbreak
ODI no. 3469,Bangladesh,Allrounder,Right-hand bat,Right-arm offbreak
ODI no. 3469,Bangladesh,Bowler,Right-hand bat,Right-arm fast
ODI no. 3469,Sri Lanka,Wicketkeeper batsman,Right-hand bat,Right-arm offbreak
ODI no. 3469,Sri Lanka,Wicketkeeper batsman,Left-hand bat,NA
ODI no. 3469,Sri Lanka,Middle-order batsman,Left-hand bat,Legbreak
ODI no. 3469,Bangladesh,Middle-order batsman,Left-hand bat,Slow left-arm orthodox
ODI no. 3469,Bangladesh,Wicketkeeper batsman,Right-hand bat,NA
ODI no. 3469,Bangladesh,Bowler,Right-hand bat,Right-arm offbreak
ODI no. 3469,Bangladesh,Bowler,Right-hand bat,Right-arm medium-fast
ODI no. 3473,Pakistan,Middle-order batsman,Right-hand bat,Legbreak
ODI no. 3473,Pakistan,Allrounder,Right-hand bat,Right-arm offbreak
ODI no. 3473,Pakistan,Allrounder,Right-hand bat,Legbreak googly
ODI no. 3473,Pakistan,Bowler,Right-hand bat,Right-arm offbreak
ODI no. 3473,Pakistan,Middle-order batsman,Right-hand bat,Right-arm offbreak
ODI no. 3473,Pakistan,Bowler,Right-hand bat,Right-arm fast-medium
ODI no. 3473,Sri Lanka,Batsman,Right-hand bat,Right-arm medium
ODI no. 3473,Sri Lanka,Bowler,Right-hand bat,Right-arm fast-medium
ODI no. 3473,Sri Lanka,Bowler,Right-hand bat,Right-arm fast
ODI no. 3473,Sri Lanka,Allrounder,Right-hand bat,Right-arm medium
ODI no. 3473,Sri Lanka,Wicketkeeper batsman,Left-hand bat,Right-arm offbreak
ODI no. 3473,Pakistan,Opening batsman,Left-hand bat,Legbreak
ODI no. 3473,Sri Lanka,Allrounder,Left-hand bat,Right-arm medium-fast
ODI no. 3473,Pakistan,Opening batsman,Right-hand bat,Legbreak
ODI no. 3473,Pakistan,Bowler,Right-hand bat,Left-arm fast
ODI no. 3473,Sri Lanka,Bowler,Right-hand bat,Right-arm offbreak
ODI no. 3473,Sri Lanka,Wicketkeeper batsman,Right-hand bat,Right-arm offbreak
ODI no. 3473,Sri Lanka,Wicketkeeper batsman,Left-hand bat,NA
ODI no. 3473,Sri Lanka,Top-order batsman,Left-hand bat,Right-arm medium-fast
ODI no. 3473,Pakistan,Middle-order batsman,Right-hand bat,NA
ODI no. 3473,Pakistan,Bowler,Right-hand bat,Right-arm medium-fast
ODI no. 3473,Sri Lanka,Allrounder,Left-hand bat,Slow left-arm orthodox
ODI no. 3477,England,Batting allrounder,Left-hand bat,Right-arm offbreak
ODI no. 3477,England,Allrounder,Right-hand bat,Right-arm medium-fast
ODI no. 3477,England,Middle-order batsman,Right-hand bat,Right-arm medium
ODI no. 3477,England,Bowler,Left-hand bat,Right-arm fast-medium
ODI no. 3477,England,Top-order batsman,Left-hand bat,Right-arm medium
ODI no. 3477,England,Allrounder,Left-hand bat,Right-arm offbreak
ODI no. 3477,England,Allrounder,Right-hand bat,Right-arm medium-fast
ODI no. 3477,West Indies,Allrounder,Right-hand bat,Right-arm medium-fast
ODI no. 3477,West Indies,Batsman,Right-hand bat,Right-arm offbreak
ODI no. 3477,West Indies,Bowler,Left-hand bat,Right-arm fast-medium
ODI no. 3477,West Indies,Wicketkeeper batsman,Right-hand bat,NA
ODI no. 3477,West Indies,Allrounder,Right-hand bat,Right-arm medium-fast
ODI no. 3477,West Indies,Top-order batsman,Right-hand bat,Right-arm medium-fast
ODI no. 3477,West Indies,Allrounder,Right-hand bat,Right-arm medium
ODI no. 3477,West Indies,Bowler,Left-hand bat,Right-arm offbreak
ODI no. 3477,West Indies,Opening batsman,Left-hand bat,"Right-arm medium, Right-arm offbreak"
ODI no. 3477,West Indies,Top-order batsman,Left-hand bat,Right-arm medium-fast
ODI no. 3477,England,Bowler,Right-hand bat,Right-arm fast-medium
ODI no. 3477,England,Top-order batsman,Right-hand bat,Right-arm offbreak
ODI no. 3477,England,Wicketkeeper batsman,Right-hand bat,NA
ODI no. 3477,England,Allrounder,Left-hand bat,Right-arm fast-medium
ODI no. 3477,West Indies,Bowling allrounder,Right-hand bat,Right-arm medium-fast
ODI no. 3647,Pakistan,Top-order batsman,Right-hand bat,Legbreak
ODI no. 3647,Pakistan,Top-order batsman,Left-hand bat,Slow left-arm orthodox
ODI no. 3647,Pakistan,Allrounder,Right-hand bat,Right-arm offbreak
ODI no. 3647,Pakistan,Bowler,Right-hand bat,Right-arm offbreak
ODI no. 3647,Pakistan,Bowler,Right-hand bat,Left-arm fast
ODI no. 3647,Bangladesh,Allrounder,Right-hand bat,Right-arm offbreak
ODI no. 3647,Bangladesh,Wicketkeeper batsman,Right-hand bat,NA
ODI no. 3647,Bangladesh,Allrounder,Left-hand bat,Slow left-arm orthodox
ODI no. 3647,Bangladesh,Opening batsman,Left-hand bat,NA
ODI no. 3647,Bangladesh,Bowler,Left-hand bat,Slow left-arm orthodox
ODI no. 3647,Pakistan,Wicketkeeper batsman,Right-hand bat,NA
ODI no. 3647,Pakistan,Bowler,Right-hand bat,Left-arm fast
ODI no. 3647,Bangladesh,Allrounder,Right-hand bat,Right-arm offbreak
ODI no. 3647,Bangladesh,Bowler,Right-hand bat,Right-arm fast
ODI no. 3647,Pakistan,Allrounder,Right-hand bat,Legbreak
ODI no. 3647,Pakistan,Middle-order batsman,Left-hand bat,Slow left-arm orthodox
ODI no. 3647,Pakistan,Bowler,Right-hand bat,Left-arm fast-medium
ODI no. 3647,Pakistan,Batsman,Right-hand bat,NA
ODI no. 3647,Bangladesh,Bowler,Left-hand bat,Right-arm medium-fast
ODI no. 3647,Bangladesh,Middle-order batsman,Right-hand bat,Legbreak
ODI no. 3647,Bangladesh,Middle-order batsman,Left-hand bat,Right-arm medium-fast
ODI no. 3647,Bangladesh,Bowler,Left-hand bat,Right-arm fast
ODI no. 3654,New Zealand,Wicketkeeper batsman,Right-hand bat,NA
ODI no. 3654,England,Bowler,Right-hand bat,Right-arm fast
ODI no. 3654,England,Middle-order batsman,Left-hand bat,Right-arm medium
ODI no. 3654,New Zealand,Wicketkeeper batsman,Right-hand bat,"Right-arm medium, Right-arm offbreak"
ODI no. 3654,New Zealand,Bowler,Right-hand bat,Right-arm offbreak
ODI no. 3654,New Zealand,Middle-order batsman,Right-hand bat,Right-arm offbreak
ODI no. 3654,New Zealand,Allrounder,Right-hand bat,Right-arm medium
ODI no. 3654,England,Bowler,Right-hand bat,Right-arm fast-medium
ODI no. 3654,New Zealand,Opening batsman,Right-hand bat,Right-arm offbreak
ODI no. 3654,England,Bowler,Right-hand bat,Legbreak
ODI no. 3654,England,Opening batsman,Right-hand bat,Right-arm medium
ODI no. 3654,New Zealand,Top-order batsman,Right-hand bat,Right-arm offbreak
ODI no. 3654,New Zealand,Bowler,Right-hand bat,Left-arm fast-medium
ODI no. 3654,England,Bowler,Right-hand bat,Right-arm fast-medium
ODI no. 3654,England,Wicketkeeper batsman,Right-hand bat,NA
ODI no. 3654,England,Middle-order batsman,Right-hand bat,NA
ODI no. 3654,England,Top-order batsman,Right-hand bat,Right-arm offbreak
ODI no. 3654,England,Wicketkeeper batsman,Right-hand bat,NA
ODI no. 3654,England,Allrounder,Left-hand bat,Right-arm fast-medium
ODI no. 3654,New Zealand,Bowler,Left-hand bat,Left-arm fast-medium
ODI no. 3654,New Zealand,Bowling allrounder,Left-hand bat,Slow left-arm orthodox
ODI no. 3654,New Zealand,Bowler,Right-hand bat,Right-arm fast-medium
ODI no. 3663,South Africa,Bowler,Right-hand bat,Legbreak googly
ODI no. 3663,South Africa,Top-order batsman,Right-hand bat,"Right-arm medium, Right-arm offbreak"
ODI no. 3663,South Africa,Batting allrounder,Right-hand bat,Right-arm fast-medium
ODI no. 3663,South Africa,Middle-order batsman,Right-hand bat,Legbreak
ODI no. 3663,South Africa,Batting allrounder,Left-hand bat,Right-arm offbreak
ODI no. 3663,Bangladesh,Bowler,Right-hand bat,Right-arm fast-medium
ODI no. 3663,Bangladesh,Allrounder,Right-hand bat,Right-arm offbreak
ODI no. 3663,Bangladesh,Wicketkeeper batsman,Right-hand bat,NA
ODI no. 3663,Bangladesh,Allrounder,Left-hand bat,Slow left-arm orthodox
ODI no. 3663,Bangladesh,Opening batsman,Left-hand bat,NA
ODI no. 3663,South Africa,Bowler,Right-hand bat,Right-arm fast-medium
ODI no. 3663,Bangladesh,Allrounder,Right-hand bat,Right-arm offbreak
ODI no. 3663,South Africa,Top-order batsman,Left-hand bat,Right-arm offbreak
ODI no. 3663,South Africa,Middle-order batsman,Left-hand bat,Right-arm offbreak
ODI no. 3663,Bangladesh,Bowler,Left-hand bat,Left-arm fast-medium
ODI no. 3663,Bangladesh,Middle-order batsman,Right-hand bat,Legbreak
ODI no. 3663,South Africa,Wicketkeeper batsman,Left-hand bat,NA
ODI no. 3663,Bangladesh,Middle-order batsman,Left-hand bat,Right-arm medium-fast
ODI no. 3663,South Africa,Bowling allrounder,Right-hand bat,Right-arm fast-medium
ODI no. 3663,Bangladesh,Wicketkeeper batsman,Right-hand bat,NA
ODI no. 3663,South Africa,Bowler,Left-hand bat,Right-arm fast
ODI no. 3663,Bangladesh,Bowler,Right-hand bat,Legbreak
ODI no. 3664,Pakistan,Top-order batsman,Right-hand bat,Legbreak
ODI no. 3664,Pakistan,Allrounder,Right-hand bat,Right-arm offbreak
ODI no. 3664,Pakistan,Middle-order batsman,Right-hand bat,Right-arm offbreak
ODI no. 3664,Pakistan,Bowler,Right-hand bat,Legbreak googly
ODI no. 3664,Sri Lanka,Allrounder,Right-hand bat,Right-arm offbreak
ODI no. 3664,Sri Lanka,Bowler,Right-hand bat,Right-arm fast-medium
ODI no. 3664,Sri Lanka,Bowler,Right-hand bat,Right-arm fast
ODI no. 3664,Sri Lanka,Allrounder,Right-hand bat,Right-arm medium
ODI no. 3664,Sri Lanka,Batsman,Left-hand bat,NA
ODI no. 3664,Sri Lanka,Allrounder,Left-hand bat,Slow left-arm orthodox
ODI no. 3664,Pakistan,Wicketkeeper batsman,Right-hand bat,NA
ODI no. 3664,Pakistan,Bowler,Right-hand bat,Right-arm medium-fast
ODI no. 3664,Sri Lanka,Allrounder,Left-hand bat,Right-arm medium-fast
ODI no. 3664,Pakistan,Opening batsman,Right-hand bat,Legbreak
ODI no. 3664,Sri Lanka,Allrounder,Right-hand bat,Legbreak
ODI no. 3664,Sri Lanka,Wicketkeeper batsman,Right-hand bat,Right-arm offbreak
ODI no. 3664,Sri Lanka,Wicketkeeper batsman,Left-hand bat,NA
ODI no. 3664,Sri Lanka,Top-order batsman,Left-hand bat,Right-arm medium-fast
ODI no. 3664,Pakistan,Bowler,Right-hand bat,Left-arm fast-medium
ODI no. 3664,Pakistan,Batsman,Right-hand bat,NA
ODI no. 3664,Pakistan,Batsman,Right-hand bat,Right-arm offbreak
ODI no. 3664,Pakistan,Bowler,Right-hand bat,Left-arm fast
ODI no. 3673,New Zealand,Wicketkeeper batsman,Right-hand bat,NA
ODI no. 3673,New Zealand,Bowler,Right-hand bat,Right-arm offbreak
ODI no. 3673,New Zealand,Middle-order batsman,Right-hand bat,Right-arm offbreak
ODI no. 3673,New Zealand,Allrounder,Right-hand bat,Right-arm medium
ODI no. 3673,Zimbabwe,Allrounder,Right-hand bat,Right-arm fast-medium
ODI no. 3673,Zimbabwe,Bowler,Right-hand bat,Legbreak googly
ODI no. 3673,Zimbabwe,Top-order batsman,Right-hand bat,Right-arm medium
ODI no. 3673,Zimbabwe,Middle-order batsman,Left-hand bat,Right-arm offbreak
ODI no. 3673,Zimbabwe,Top-order batsman,Right-hand bat,Right-arm medium
ODI no. 3673,Zimbabwe,Bowler,Right-hand bat,Right-arm fast-medium
ODI no. 3673,Zimbabwe,Bowler,Right-hand bat,Right-arm fast-medium
ODI no. 3673,Zimbabwe,Bowler,Right-hand bat,Right-arm offbreak
ODI no. 3673,Zimbabwe,Middle-order batsman,Left-hand bat,Slow left-arm orthodox
ODI no. 3673,New Zealand,Opening batsman,Right-hand bat,Right-arm offbreak
ODI no. 3673,New Zealand,Top-order batsman,Right-hand bat,Right-arm offbreak
ODI no. 3673,Zimbabwe,Wicketkeeper batsman,Right-hand bat,Right-arm offbreak
ODI no. 3673,Zimbabwe,Batting allrounder,Right-hand bat,Right-arm offbreak
ODI no. 3673,New Zealand,Bowler,Left-hand bat,Left-arm fast-medium
ODI no. 3673,New Zealand,Batting allrounder,Left-hand bat,Right-arm medium
ODI no. 3673,New Zealand,Wicketkeeper batsman,Left-hand bat,Right-arm medium
ODI no. 3673,New Zealand,Bowler,Right-hand bat,Right-arm fast-medium
ODI no. 3673,New Zealand,Bowler,Right-hand bat,Legbreak
ODI no. 3679,Australia,Top-order batsman,Right-hand bat,Right-arm medium
ODI no. 3679,Australia,Allrounder,Right-hand bat,Right-arm fast-medium
ODI no. 3679,Ireland,Bowler,Left-hand bat,Right-arm fast-medium
ODI no. 3679,Ireland,Allrounder,Left-hand bat,Right-arm medium
ODI no. 3679,Ireland,Top-order batsman,Left-hand bat,Right-arm medium
ODI no. 3679,Ireland,Wicketkeeper batsman,Left-hand bat,NA
ODI no. 3679,Ireland,Wicketkeeper batsman,Right-hand bat,NA
ODI no. 3679,Ireland,Opening batsman,Left-hand bat,Right-arm offbreak
ODI no. 3679,Australia,Opening batsman,Left-hand bat,Legbreak
ODI no. 3679,Australia,Wicketkeeper batsman,Left-hand bat,Right-arm medium
ODI no. 3679,Australia,Bowler,Right-hand bat,Right-arm fast
ODI no. 3679,Australia,Middle-order batsman,Right-hand bat,Legbreak googly
ODI no. 3679,Australia,Allrounder,Right-hand bat,Right-arm medium
ODI no. 3679,Ireland,Opening batsman,Right-hand bat,Right-arm offbreak
ODI no. 3679,Ireland,Allrounder,Right-hand bat,Right-arm offbreak
ODI no. 3679,Australia,Bowler,Left-hand bat,Left-arm fast
ODI no. 3679,Australia,Batting allrounder,Right-hand bat,Right-arm offbreak
ODI no. 3679,Australia,Batsman,Right-hand bat,"Right-arm medium, Right-arm offbreak"
ODI no. 3679,Ireland,Bowler,Right-hand bat,Right-arm fast-medium
ODI no. 3679,Ireland,Bowler,Left-hand bat,Right-arm medium-fast
ODI no. 3679,Ireland,Bowler,Left-hand bat,Right-arm offbreak
ODI no. 3679,Australia,Bowler,Right-hand bat,Right-arm fast
ODI no. 3680,Australia,Top-order batsman,Right-hand bat,Right-arm medium
ODI no. 3680,Australia,Allrounder,Right-hand bat,Right-arm fast-medium
ODI no. 3680,England,Batting allrounder,Left-hand bat,Right-arm offbreak
ODI no. 3680,England,Middle-order batsman,Left-hand bat,Right-arm medium
ODI no. 3680,England,Bowler,Right-hand bat,Right-arm fast-medium
ODI no. 3680,Australia,Opening batsman,Left-hand bat,Legbreak
ODI no. 3680,Australia,Wicketkeeper batsman,Left-hand bat,Right-arm medium
ODI no. 3680,England,Bowler,Right-hand bat,Legbreak
ODI no. 3680,England,Bowler,Right-hand bat,Right-arm fast-medium
ODI no. 3680,England,Opening batsman,Right-hand bat,Right-arm medium
ODI no. 3680,Australia,Bowler,Right-hand bat,Right-arm fast
ODI no. 3680,Australia,Middle-order batsman,Right-hand bat,Legbreak googly
ODI no. 3680,Australia,Allrounder,Right-hand bat,Right-arm medium
ODI no. 3680,England,Middle-order batsman,Right-hand bat,Legbreak
ODI no. 3680,England,Middle-order batsman,Right-hand bat,NA
ODI no. 3680,England,Wicketkeeper batsman,Right-hand bat,NA
ODI no. 3680,England,Allrounder,Left-hand bat,Right-arm fast-medium
ODI no. 3680,Australia,Bowler,Left-hand bat,Left-arm fast
ODI no. 3680,Australia,Batting allrounder,Right-hand bat,Right-arm offbreak
ODI no. 3680,Australia,Batsman,Right-hand bat,"Right-arm medium, Right-arm offbreak"
ODI no. 3680,England,Bowler,Right-hand bat,Right-arm fast
ODI no. 3680,Australia,Bowler,Right-hand bat,Right-arm fast
ODI no. 3739,South Africa,Bowler,Right-hand bat,Legbreak googly
ODI no. 3739,South Africa,Top-order batsman,Right-hand bat,"Right-arm medium, Right-arm offbreak"
ODI no. 3739,South Africa,Batting allrounder,Right-hand bat,Right-arm fast-medium
ODI no. 3739,South Africa,Batting allrounder,Left-hand bat,Right-arm offbreak
ODI no. 3739,South Africa,Wicketkeeper batsman,Right-hand bat,Right-arm medium
ODI no. 3739,South Africa,Bowler,Right-hand bat,Slow left-arm orthodox
ODI no. 3739,West Indies,Bowler,Left-hand bat,Slow left-arm orthodox
ODI no. 3739,West Indies,Wicketkeeper batsman,Right-hand bat,"Right-arm medium-fast, Legbreak"
ODI no. 3739,West Indies,Wicketkeeper batsman,Right-hand bat,NA
ODI no. 3739,West Indies,Top-order batsman,Right-hand bat,Right-arm offbreak
ODI no. 3739,West Indies,Bowler,Right-hand bat,Right-arm fast
ODI no. 3739,West Indies,Bowler,Left-hand bat,Right-arm offbreak
ODI no. 3739,West Indies,Allrounder,Right-hand bat,Right-arm medium-fast
ODI no. 3739,West Indies,Top-order batsman,Left-hand bat,Right-arm medium-fast
ODI no. 3739,South Africa,Bowler,Right-hand bat,Right-arm fast-medium
ODI no. 3739,South Africa,Top-order batsman,Left-hand bat,Right-arm offbreak
ODI no. 3739,West Indies,Wicketkeeper batsman,Right-hand bat,NA
ODI no. 3739,South Africa,Wicketkeeper batsman,Left-hand bat,NA
ODI no. 3739,West Indies,Bowling allrounder,Right-hand bat,Right-arm medium-fast
ODI no. 3739,South Africa,Bowling allrounder,Right-hand bat,Right-arm fast-medium
ODI no. 3739,West Indies,Allrounder,Right-hand bat,Right-arm fast-medium
ODI no. 3739,South Africa,Bowler,Left-hand bat,Right-arm fast
ODI no. 3740,Australia,Top-order batsman,Right-hand bat,Slow left-arm orthodox
ODI no. 3740,West Indies,Bowler,Left-hand bat,Slow left-arm orthodox
ODI no. 3740,West Indies,Wicketkeeper batsman,Right-hand bat,"Right-arm medium-fast, Legbreak"
ODI no. 3740,West Indies,Wicketkeeper batsman,Right-hand bat,NA
ODI no. 3740,West Indies,Top-order batsman,Right-hand bat,Right-arm offbreak
ODI no. 3740,West Indies,Bowler,Right-hand bat,Right-arm fast
ODI no. 3740,Australia,Top-order batsman,Left-hand bat,Right-arm medium
ODI no. 3740,Australia,Opening batsman,Left-hand bat,Legbreak
ODI no. 3740,Australia,Wicketkeeper batsman,Left-hand bat,Right-arm medium
ODI no. 3740,West Indies,Bowler,Left-hand bat,Right-arm offbreak
ODI no. 3740,West Indies,Allrounder,Right-hand bat,Right-arm medium-fast
ODI no. 3740,Australia,Middle-order batsman,Right-hand bat,Legbreak googly
ODI no. 3740,Australia,Bowler,Right-hand bat,Right-arm offbreak
ODI no. 3740,Australia,Allrounder,Right-hand bat,Right-arm medium
ODI no. 3740,West Indies,Top-order batsman,Left-hand bat,Right-arm medium-fast
ODI no. 3740,Australia,Bowler,Left-hand bat,Right-arm fast-medium
ODI no. 3740,Australia,Bowler,Left-hand bat,Left-arm fast
ODI no. 3740,Australia,Batting allrounder,Right-hand bat,Right-arm offbreak
ODI no. 3740,West Indies,Wicketkeeper batsman,Right-hand bat,NA
ODI no. 3740,Australia,Bowler,Right-hand bat,Legbreak googly
ODI no. 3740,West Indies,Bowling allrounder,Right-hand bat,Right-arm medium-fast
ODI no. 3740,West Indies,Allrounder,Right-hand bat,Right-arm fast-medium
ODI no. 3741,Australia,Top-order batsman,Right-hand bat,Slow left-arm orthodox
ODI no. 3741,South Africa,Bowler,Right-hand bat,Legbreak googly
ODI no. 3741,South Africa,Top-order batsman,Right-hand bat,"Right-arm medium, Right-arm offbreak"
ODI no. 3741,South Africa,Batting allrounder,Right-hand bat,Right-arm fast-medium
ODI no. 3741,South Africa,Batting allrounder,Left-hand bat,Right-arm offbreak
ODI no. 3741,South Africa,Wicketkeeper batsman,Right-hand bat,Right-arm medium
ODI no. 3741,South Africa,Bowler,Right-hand bat,Slow left-arm orthodox
ODI no. 3741,Australia,Top-order batsman,Left-hand bat,Right-arm medium
ODI no. 3741,Australia,Opening batsman,Left-hand bat,Legbreak
ODI no. 3741,Australia,Wicketkeeper batsman,Left-hand bat,Right-arm medium
ODI no. 3741,Australia,Bowler,Right-hand bat,Right-arm fast
ODI no. 3741,South Africa,Bowler,Left-hand bat,Left-arm medium-fast
ODI no. 3741,Australia,Middle-order batsman,Right-hand bat,Legbreak googly
ODI no. 3741,Australia,Bowler,Right-hand bat,Right-arm offbreak
ODI no. 3741,Australia,Allrounder,Right-hand bat,Right-arm medium
ODI no. 3741,Australia,Bowler,Left-hand bat,Right-arm fast-medium
ODI no. 3741,South Africa,Top-order batsman,Left-hand bat,Right-arm offbreak
ODI no. 3741,Australia,Batting allrounder,Right-hand bat,Right-arm offbreak
ODI no. 3741,South Africa,Wicketkeeper batsman,Left-hand bat,NA
ODI no. 3741,South Africa,Bowler,Right-hand bat,Slow left-arm chinaman
ODI no. 3741,Australia,Bowler,Right-hand bat,Legbreak googly
ODI no. 3741,South Africa,Bowler,Left-hand bat,Right-arm fast
ODI no. 3817,Pakistan,Top-order batsman,Right-hand bat,Legbreak
ODI no. 3817,Pakistan,Allrounder,Right-hand bat,Right-arm offbreak
ODI no. 3817,Pakistan,Bowler,Right-hand bat,Left-arm fast
ODI no. 3817,Australia,Opening batsman,Left-hand bat,Legbreak
ODI no. 3817,Pakistan,Allrounder,Left-hand bat,Slow left-arm orthodox
ODI no. 3817,Pakistan,Opening batsman,Left-hand bat,Legbreak
ODI no. 3817,Australia,Wicketkeeper batsman,Left-hand bat,Right-arm medium
ODI no. 3817,Australia,Middle-order batsman,Right-hand bat,Legbreak googly
ODI no. 3817,Australia,Bowling allrounder,Right-hand bat,Left-arm fast-medium
ODI no. 3817,Australia,Allrounder,Right-hand bat,Right-arm medium
ODI no. 3817,Pakistan,Bowler,Left-hand bat,Left-arm fast
ODI no. 3817,Australia,Bowler,Left-hand bat,Left-arm fast
ODI no. 3817,Pakistan,Middle-order batsman,Right-hand bat,NA
ODI no. 3817,Pakistan,Batsman,Right-hand bat,NA
ODI no. 3817,Australia,Batting allrounder,Right-hand bat,Right-arm offbreak
ODI no. 3817,Australia,Batsman,Right-hand bat,Slow left-arm orthodox
ODI no. 3817,Pakistan,Batsman,Right-hand bat,Right-arm offbreak
ODI no. 3817,Pakistan,Allrounder,Left-hand bat,Slow left-arm orthodox
ODI no. 3817,Australia,Bowler,Right-hand bat,Right-arm fast
ODI no. 3817,Australia,Middle-order batsman,Left-hand bat,Right-arm offbreak
ODI no. 3817,Australia,NA,Left-hand bat,Right-arm fast
ODI no. 3817,Pakistan,Bowler,Right-hand bat,Right-arm medium-fast
ODI no. 3845,England,Batting allrounder,Left-hand bat,Right-arm offbreak
ODI no. 3845,England,Bowler,Right-hand bat,Right-arm fast
ODI no. 3845,England,Middle-order batsman,Left-hand bat,Right-arm medium
ODI no. 3845,England,Bowler,Right-hand bat,Right-arm fast-medium
ODI no. 3845,West Indies,Batsman,Right-hand bat,Right-arm offbreak
ODI no. 3845,England,Bowler,Right-hand bat,Legbreak
ODI no. 3845,England,Bowler,Right-hand bat,Right-arm fast-medium
ODI no. 3845,West Indies,Opening batsman,Left-hand bat,"Right-arm medium, Right-arm offbreak"
ODI no. 3845,England,Wicketkeeper batsman,Right-hand bat,NA
ODI no. 3845,England,Middle-order batsman,Right-hand bat,NA
ODI no. 3845,England,Top-order batsman,Right-hand bat,Right-arm offbreak
ODI no. 3845,England,Wicketkeeper batsman,Right-hand bat,NA
ODI no. 3845,England,Allrounder,Left-hand bat,Right-arm fast-medium
ODI no. 3845,West Indies,Allrounder,Left-hand bat,Right-arm medium
ODI no. 3845,West Indies,Bowler,Right-hand bat,Right-arm offbreak
ODI no. 3845,West Indies,Bowler,Left-hand bat,Legbreak
ODI no. 3845,West Indies,Opening batsman,Right-hand bat,Right-arm offbreak
ODI no. 3845,West Indies,Bowling allrounder,Right-hand bat,Right-arm medium-fast
ODI no. 3845,West Indies,Opening batsman,Left-hand bat,NA
ODI no. 3845,West Indies,Bowler,Right-hand bat,Right-arm fast-medium
ODI no. 3845,West Indies,Allrounder,Right-hand bat,Right-arm fast-medium
ODI no. 3845,West Indies,Wicketkeeper batsman,Right-hand bat,NA
ODI no. 3861,Pakistan,Wicketkeeper batsman,Right-hand bat,NA
ODI no. 3861,Pakistan,Allrounder,Right-hand bat,Right-arm offbreak
ODI no. 3861,Pakistan,Middle-order batsman,Right-hand bat,Right-arm offbreak
ODI no. 3861,Pakistan,Bowler,Right-hand bat,Left-arm fast
ODI no. 3861,Pakistan,Allrounder,Left-hand bat,Slow left-arm orthodox
ODI no. 3861,Pakistan,Wicketkeeper batsman,Right-hand bat,NA
ODI no. 3861,West Indies,Batsman,Right-hand bat,Right-arm offbreak
ODI no. 3861,West Indies,Opening batsman,Left-hand bat,"Right-arm medium, Right-arm offbreak"
ODI no. 3861,Pakistan,Opening batsman,Right-hand bat,Legbreak
ODI no. 3861,Pakistan,Bowler,Left-hand bat,Left-arm fast
ODI no. 3861,West Indies,Allrounder,Left-hand bat,Right-arm medium
ODI no. 3861,West Indies,Wicketkeeper batsman,Right-hand bat,NA
ODI no. 3861,West Indies,Bowler,Right-hand bat,Right-arm offbreak
ODI no. 3861,West Indies,Bowler,Left-hand bat,Legbreak
ODI no. 3861,Pakistan,Batsman,Right-hand bat,Right-arm offbreak
ODI no. 3861,West Indies,Bowling allrounder,Right-hand bat,Right-arm medium-fast
ODI no. 3861,West Indies,Opening batsman,Left-hand bat,NA
ODI no. 3861,West Indies,Bowler,Right-hand bat,Right-arm fast-medium
ODI no. 3861,West Indies,Wicketkeeper batsman,Right-hand bat,NA
ODI no. 3861,West Indies,Bowler,Right-hand bat,Right-arm fast-medium
ODI no. 3861,Pakistan,Bowler,Right-hand bat,Right-arm medium-fast
ODI no. 3861,Pakistan,Allrounder,Right-hand bat,Legbreak
ODI no. 3872,England,Batting allrounder,Left-hand bat,Right-arm offbreak
ODI no. 3872,England,Bowler,Right-hand bat,Right-arm fast
ODI no. 3872,England,Middle-order batsman,Left-hand bat,Right-arm medium
ODI no. 3872,South Africa,Bowler,Right-hand bat,Legbreak googly
ODI no. 3872,South Africa,Top-order batsman,Right-hand bat,"Right-arm medium, Right-arm offbreak"
ODI no. 3872,South Africa,Middle-order batsman,Right-hand bat,Legbreak
ODI no. 3872,South Africa,Batting allrounder,Left-hand bat,Right-arm offbreak
ODI no. 3872,South Africa,Wicketkeeper batsman,Right-hand bat,Right-arm medium
ODI no. 3872,England,Bowler,Right-hand bat,Legbreak
ODI no. 3872,England,Bowler,Right-hand bat,Right-arm fast-medium
ODI no. 3872,England,Opening batsman,Right-hand bat,Right-arm medium
ODI no. 3872,South Africa,Bowler,Left-hand bat,Left-arm medium-fast
ODI no. 3872,England,Middle-order batsman,Right-hand bat,NA
ODI no. 3872,England,Top-order batsman,Right-hand bat,Right-arm offbreak
ODI no. 3872,England,Wicketkeeper batsman,Right-hand bat,NA
ODI no. 3872,England,Allrounder,Left-hand bat,Right-arm fast-medium
ODI no. 3872,South Africa,Middle-order batsman,Left-hand bat,Right-arm offbreak
ODI no. 3872,England,Bowler,Right-hand bat,Right-arm fast
ODI no. 3872,South Africa,Wicketkeeper batsman,Left-hand bat,NA
ODI no. 3872,South Africa,Bowling allrounder,Right-hand bat,Right-arm fast-medium
ODI no. 3872,South Africa,Bowler,Left-hand bat,Right-arm fast-medium
ODI no. 3872,South Africa,Bowler,Left-hand bat,Right-arm fast
ODI no. 3900,India,Wicketkeeper batsman,Right-hand bat,Right-arm medium
ODI no. 3900,India,Opening batsman,Left-hand bat,Right-arm offbreak
ODI no. 3900,India,Wicketkeeper batsman,Right-hand bat,NA
ODI no. 3900,West Indies,Batsman,Right-hand bat,Right-arm offbreak
ODI no. 3900,India,Allrounder,Left-hand bat,Slow left-arm orthodox
ODI no. 3900,India,Top-order batsman,Right-hand bat,Right-arm medium
ODI no. 3900,India,Top-order batsman,Right-hand bat,Right-arm medium
ODI no. 3900,India,Batsman,Right-hand bat,Right-arm offbreak
ODI no. 3900,West Indies,Bowler,Right-hand bat,Right-arm offbreak
ODI no. 3900,West Indies,Bowler,Left-hand bat,Legbreak
ODI no. 3900,India,Bowler,Right-hand bat,Right-arm fast-medium
ODI no. 3900,West Indies,Bowling allrounder,Right-hand bat,Right-arm medium-fast
ODI no. 3900,West Indies,Allrounder,Right-hand bat,Right-arm offbreak
ODI no. 3900,West Indies,Opening batsman,Left-hand bat,NA
ODI no. 3900,West Indies,Middle-order batsman,Right-hand bat,Right-arm offbreak
ODI no. 3900,West Indies,Bowler,Right-hand bat,Right-arm fast-medium
ODI no. 3900,India,Bowler,Right-hand bat,Right-arm fast-medium
ODI no. 3900,India,Bowler,Left-hand bat,Slow left-arm chinaman
ODI no. 3900,West Indies,Wicketkeeper batsman,Right-hand bat,NA
ODI no. 3900,India,Allrounder,Right-hand bat,Right-arm medium-fast
ODI no. 3900,West Indies,Bowler,Right-hand bat,Right-arm fast-medium
ODI no. 3900,West Indies,Batsman,Right-hand bat,Right-arm medium-fast
